,player_name,team_number,team_name,age,position,Apps,Mins,Assists,KeyP,AvgP,PS%,Crosses,LongB,ThrB,Rating,Goals,Yel,Red,SpG,AerialsWon,MoM,Dribble,Fouled,Off,Disp,UnsTch,Tackles,Inter,Fouls,Offsides,Clear,Drb,Blocks,OwnG,Position,Date of Birth,Age,Nationality,Market Value
0,Iza Carcelén,1354,Cadiz,30, D(R)  ,25(2),2204,1,0.6,27.5,80.9,0.8,1.5,0.0,6.79,0,4,3,0.3,0.8,0,0.5,1.0,0.1,0.7,0.7,2.6,0.7,0.6,0.4,2.5,0.8,0.4,0,D,"Apr 23, 1993",30,Spain,€1.50m
1,Alfonso Espino,1354,Cadiz,31, D(L)  ,35(1),3123,4,1.0,31.8,67.2,0.7,1.9,0.1,6.72,0,7,0,0.6,0.9,2,0.7,1.0,0.1,0.6,1.4,2.4,1.3,1.4,0.3,2.4,1.3,0.3,0,D,"Jan 5, 1992",31,Uruguay,€3.50m
2,Rubén Sobrino,1354,Cadiz,31," AM(CLR),FW  ",28(5),2471,2,0.7,18.0,73.2,0.1,0.2,0.0,6.68,3,11,0,1.0,1.8,1,0.9,1.6,0.2,1.3,1.7,1.7,0.7,1.5,0.0,0.5,1.0,0.1,0,FW,"Jun 1, 1992",31,Spain,€2.00m
3,Théo Bongonda,1354,Cadiz,27, AM(LR)  ,24(7),1951,3,0.6,13.2,76.1,0.3,0.4,0.0,6.59,4,2,0,1.4,0.5,1,1.3,1.2,0.2,0.8,1.8,0.9,0.2,0.5,0.0,0.3,0.7,0.1,0,FW,"Nov 20, 1995",27,DR Congo,€4.00m
4,Rubén Alcaraz,1354,Cadiz,32, DMC  ,22(9),2047,0,0.6,32.2,81.3,0.5,3.2,0.0,6.5,3,9,1,1.1,1.0,1,0.4,1.1,0.0,1.0,1.1,1.4,0.6,1.5,0.1,1.1,1.1,0.3,0,M,"May 1, 1991",32,Spain,€2.00m
5,Luis Hernández,1354,Cadiz,34, D(CR)  ,35,3150,0,0.3,36.6,79.5,0.1,3.4,0.0,6.46,0,6,1,0.2,1.1,0,0.1,0.2,0.1,0.1,0.1,0.9,0.9,0.8,0.3,4.0,0.4,0.7,0,D,"Apr 14, 1989",34,Spain,€1.00m
6,Fali,1354,Cadiz,29," D(C),DMC  ",22(3),1722,0,0.2,23.6,77.1,0.0,3.2,0.1,6.44,0,6,0,0.4,1.1,0,0.1,0.7,0.0,0.0,0.3,1.1,0.5,0.6,0.1,2.7,0.4,0.6,0,D,"Aug 12, 1993",29,Spain,€2.50m
7,Álvaro Negredo,1354,Cadiz,37, FW  ,9(12),756,2,0.5,8.1,61.4,0.0,0.5,0.1,6.35,1,0,0,1.0,1.5,1,0.2,0.4,0.3,0.3,0.9,0.2,0.0,0.2,0.0,0.4,0.0,0.0,0,FW,"Aug 20, 1985",37,Spain,€1.00m
8,Álex Fernández,1354,Cadiz,30," M(CL),FW  ",17(11),1575,0,0.6,24.3,86.6,0.4,1.4,0.1,6.35,3,0,0,0.6,0.4,1,0.2,0.5,0.0,0.9,0.6,0.5,0.3,0.3,0.0,0.7,0.4,0.0,0,AM,"Oct 15, 1992",30,Spain,€4.00m
9,Fede San Emeterio,1354,Cadiz,26, DMC  ,24(9),1856,1,0.2,19.6,79.8,0.0,1.0,0.0,6.31,0,14,0,0.2,0.7,0,0.1,0.7,0.0,0.2,0.3,1.2,0.5,1.8,0.0,0.8,0.7,0.4,0,M,"Mar 16, 1997",26,Spain,€2.00m
10,Iván Alejo,1354,Cadiz,28, AM(R)  ,13(18),1304,1,0.7,8.7,66.9,0.9,0.2,0.0,6.22,0,11,1,0.7,0.8,0,0.4,1.4,0.1,0.7,1.2,1.0,0.2,1.2,0.0,0.3,0.6,0.1,0,FW,"Feb 10, 1995",28,Spain,€1.20m
11,José Mari,1354,Cadiz,35, DMC  ,4(16),387,0,0.3,10.1,83.6,0.0,1.4,0.0,6.2,0,4,0,0.3,0.3,0,0.2,0.4,0.0,0.4,0.3,0.8,0.3,0.3,0.0,0.4,0.3,0.1,0,DM,"Dec 6, 1987",35,Spain,€400k
12,Juan Foyth,839,Villarreal,25," D(CR),DMC  ",22(2),1960,0,0.5,45.4,87.8,0.2,2.9,0.0,7.06,1,6,0,0.6,1.5,1,1.1,0.4,0.0,0.6,0.9,3.0,0.8,1.7,0.4,2.4,0.7,0.5,0,D,"Jan 12, 1998",25,Argentina,€25.00m
13,Gerard Moreno,839,Villarreal,31," AM(CR),FW  ",14(7),1227,3,0.9,22.1,75.1,0.0,1.0,0.1,6.94,7,4,0,2.0,0.9,1,1.4,0.7,0.6,0.9,1.5,0.5,0.2,0.5,0.0,0.5,0.1,0.1,0,FW,"Apr 7, 1992",31,Spain,€20.00m
14,Samuel Chukwueze,839,Villarreal,24, AM(CR)  ,27(10),2350,5,1.2,23.2,78.3,0.3,0.6,0.1,6.89,6,1,0,1.6,0.4,3,2.3,0.9,0.3,0.8,1.8,0.4,0.3,0.5,0.0,0.4,0.4,0.0,0,FW,"May 22, 1999",24,Nigeria,€25.00m
15,Nicolas Jackson,839,Villarreal,22, FW  ,16(10),1603,4,0.8,12.2,76.4,0.1,0.3,0.0,6.87,12,4,1,1.6,0.5,4,0.9,1.0,0.5,1.5,2.1,0.5,0.1,1.2,0.0,0.1,0.2,0.1,0,FW,"Jun 20, 2001",22,Senegal,€30.00m
16,Giovani Lo Celso,839,Villarreal,27," M(CR),FW  ",14(8),1130,3,1.4,29.6,86.5,0.3,2.4,0.3,6.82,2,3,0,1.4,0.1,2,1.0,1.4,0.2,1.0,1.4,1.5,0.3,0.7,0.0,0.1,0.4,0.1,0,AM,"Apr 9, 1996",27,Argentina,€14.00m
17,Pau Torres,839,Villarreal,26, D(C)  ,34,3055,0,0.4,63.6,85.3,0.0,5.4,0.1,6.8,1,10,0,0.4,1.7,1,0.8,0.5,0.0,0.1,0.6,1.3,0.4,0.6,0.6,4.1,0.4,0.8,1,D,"Jan 16, 1997",26,Spain,€45.00m
18,Alfonso Pedraza,839,Villarreal,27," D(L),M(L)  ",20(6),1636,3,0.7,23.3,81.5,0.5,0.7,0.0,6.65,0,5,0,1.0,0.5,0,0.8,0.6,0.1,0.5,1.2,1.3,0.7,0.8,0.3,0.8,0.4,0.0,0,D,"Apr 9, 1996",27,Spain,€15.00m
19,Raúl Albiol,839,Villarreal,37, D(C)  ,24(1),2120,0,0.1,58.8,88.7,0.0,4.9,0.0,6.65,0,6,0,0.1,1.6,0,0.2,0.5,0.0,0.2,0.4,1.0,0.6,0.7,0.8,4.3,0.2,0.5,0,D,"Sep 4, 1985",37,Spain,€2.50m
20,Aïssa Mandi,839,Villarreal,31, D(CLR)  ,16(5),1460,0,0.2,42.0,90.8,0.0,2.6,0.0,6.61,0,1,0,0.1,1.0,0,0.0,0.5,0.2,0.1,0.1,0.9,1.0,0.8,0.8,2.8,0.3,0.7,0,D,"Oct 22, 1991",31,Algeria,€3.00m
21,Álex Baena,839,Villarreal,21, AM(CL)  ,19(16),1947,2,0.9,23.6,81.6,0.2,1.1,0.3,6.59,6,11,1,1.8,0.1,2,0.8,1.6,0.1,1.0,1.2,0.9,0.2,1.7,0.0,0.4,0.9,0.1,0,AM,"Jul 20, 2001",21,Spain,€20.00m
22,Pepe Reina,839,Villarreal,40, GK  ,22,1980,0,0.0,33.7,77.4,0.0,4.6,0.0,6.58,0,2,0,0.0,0.1,0,0.0,0.0,0.0,0.0,0.0,0.0,0.0,0.0,0.0,0.4,0.0,0.0,0,GK,"Aug 31, 1982",40,Spain,€700k
23,Kiko Femenía,839,Villarreal,32," D(LR),M(R)  ",13(7),1137,0,0.5,32.4,89.5,0.2,0.8,0.0,6.44,0,0,0,0.1,0.5,0,0.3,0.4,0.0,0.5,0.4,0.9,1.0,0.3,0.4,1.1,0.3,0.3,0,D,"Feb 2, 1991",32,Spain,€2.50m
24,Alberto Moreno,839,Villarreal,30," D(L),M(L)  ",14(10),1298,1,0.5,25.1,85.4,0.4,0.7,0.0,6.43,0,7,0,0.6,0.5,0,0.3,0.4,0.1,0.3,0.7,1.0,1.0,1.1,0.1,1.0,0.5,0.0,0,D,"Jul 5, 1992",30,Spain,€3.00m
25,Manu Trigueros,839,Villarreal,31," M(CLR),FW  ",8(15),818,1,0.4,22.9,89.6,0.0,0.7,0.0,6.27,0,2,1,0.3,0.3,0,0.1,0.4,0.0,0.4,0.3,0.9,0.2,0.6,0.0,0.2,0.6,0.1,0,M,"Oct 17, 1991",31,Spain,€4.00m
26,Aitor Fernández,131,Osasuna,32, GK  ,21,1890,0,0.0,33.4,61.4,0.0,10.1,0.0,6.85,0,1,0,0.0,0.1,2,0.0,0.0,0.0,0.0,0.0,0.0,0.1,0.0,0.0,1.4,0.0,0.0,0,GK,"May 3, 1991",32,Spain,€3.00m
27,David García,131,Osasuna,29, D(C)  ,31(1),2684,0,0.2,44.3,81.0,0.0,3.8,0.0,6.77,2,8,1,0.5,2.7,0,0.1,0.5,0.0,0.1,0.3,1.1,1.4,1.7,0.9,4.7,0.1,0.4,0,D,"Feb 14, 1994",29,Spain,€20.00m
28,Lucas Torró,131,Osasuna,28, DMC  ,31(2),2489,0,0.3,35.3,80.7,0.0,1.4,0.0,6.71,1,10,0,0.8,2.6,0,0.3,0.9,0.0,0.4,0.9,1.5,1.3,1.9,0.0,1.9,0.7,0.1,0,DM,"Jul 19, 1994",28,Spain,€8.00m
29,Moi Gómez,131,Osasuna,29, M(CLR)  ,28(5),2458,2,1.6,43.4,88.8,1.1,3.4,0.0,6.71,3,5,0,0.6,0.2,0,0.8,0.8,0.0,0.5,1.0,0.8,0.3,0.4,0.0,0.2,0.5,0.1,0,FW,"Jun 23, 1994",29,Spain,€10.00m
30,Ante Budimir,131,Osasuna,31, FW  ,22(9),1811,0,0.3,10.0,61.9,0.0,0.0,0.0,6.7,8,5,0,1.9,3.2,2,0.5,0.7,0.4,0.9,2.0,0.6,0.2,1.5,0.1,0.6,0.3,0.0,0,FW,"Jul 22, 1991",31,Croatia,€6.00m
31,Aridane Hernández,131,Osasuna,34, D(C)  ,20(3),1791,1,0.1,38.3,84.4,0.0,2.7,0.0,6.66,0,1,0,0.2,1.3,2,0.3,0.5,0.0,0.1,0.3,0.9,1.2,0.6,1.0,4.1,0.6,0.9,1,D,"Mar 23, 1989",34,Spain,€1.00m
32,Abde Ezzalzouli,131,Osasuna,21, AM(L)  ,19(9),1516,2,0.4,16.1,74.2,0.5,0.4,0.1,6.65,4,2,2,1.4,0.1,2,2.1,1.2,0.1,1.4,2.3,1.0,0.1,1.0,0.0,0.2,0.4,0.0,0,FW,"Dec 17, 2001",21,Morocco,€15.00m
33,Aimar Oroz,131,Osasuna,21, AM(C)  ,23(8),2023,6,1.1,26.0,80.3,0.0,0.7,0.1,6.63,3,6,0,0.7,0.5,3,1.0,2.0,0.1,1.6,1.4,0.8,0.8,1.2,0.0,0.1,0.7,0.0,0,AM,"Nov 27, 2001",21,Spain,€15.00m
34,Kike Barja,131,Osasuna,26, AM(LR)  ,15(12),1316,6,1.0,13.5,76.1,1.0,0.3,0.0,6.61,1,1,0,0.6,0.3,0,1.4,0.6,0.3,0.9,1.6,0.6,0.1,0.7,0.0,0.1,0.6,0.0,0,FW,"Apr 1, 1997",26,Spain,€4.00m
35,Manu Sánchez,131,Osasuna,22, D(L)  ,22(9),2117,2,0.9,28.5,81.5,0.8,1.0,0.0,6.54,0,3,0,0.3,0.5,0,0.5,0.3,0.1,0.5,0.9,1.6,0.5,0.8,0.3,1.2,1.0,0.2,0,D,"Aug 24, 2000",22,Spain,€10.00m
36,Rubén Peña,131,Osasuna,31," D(R),M(LR)  ",14(6),1282,1,0.5,22.8,73.2,0.4,1.0,0.0,6.53,0,2,1,0.6,0.7,1,1.0,0.7,0.0,0.7,1.6,1.6,0.9,1.3,0.2,1.2,1.1,0.4,0,D,"Jul 18, 1991",31,Spain,€2.50m
37,Unai García,131,Osasuna,31, D(C)  ,20(1),1718,1,0.1,37.7,80.0,0.1,3.4,0.0,6.46,0,6,1,0.2,1.8,0,0.2,0.2,0.0,0.2,0.2,1.1,0.9,1.0,0.6,2.7,0.2,0.7,0,D,"Feb 3, 1992",31,Spain,€2.50m
38,Nacho Vidal,131,Osasuna,28, D(R)  ,15(5),1250,0,0.2,22.8,75.9,0.2,1.1,0.1,6.45,0,4,0,0.5,1.5,0,0.7,0.9,0.0,0.7,0.9,1.4,1.0,1.4,0.3,1.4,0.8,0.2,0,D,"Jan 24, 1995",28,Spain,€5.00m
39,Jon Moncayola,131,Osasuna,25," D(R),M(C)  ",25(12),2445,3,0.7,35.5,81.6,0.4,3.3,0.1,6.44,1,6,0,1.0,0.5,0,0.1,0.5,0.1,0.3,0.7,1.5,0.5,0.9,0.0,0.8,1.2,0.1,0,M,"May 13, 1998",25,Spain,€12.00m
40,Rubén García,131,Osasuna,29," AM(CLR),FW  ",11(18),1152,2,0.9,16.6,79.7,0.8,1.0,0.1,6.44,2,2,0,0.7,0.4,0,0.2,0.6,0.0,0.3,0.9,0.7,0.4,0.5,0.0,0.3,0.6,0.0,0,FW,"Jul 14, 1993",29,Spain,€6.00m
41,Pablo Ibáñez,131,Osasuna,24, M(C)  ,12(13),1061,1,0.4,15.1,74.1,0.0,0.8,0.0,6.37,0,1,0,0.8,1.0,1,0.3,0.6,0.2,0.6,0.6,1.2,0.3,0.9,0.1,0.8,0.9,0.1,0,M,"Sep 20, 1998",24,Spain,€1.50m
42,Juan Cruz,131,Osasuna,30, D(CL)  ,21(6),2058,0,0.6,28.7,80.5,0.4,1.1,0.0,6.36,0,7,0,0.1,0.7,0,0.2,0.3,0.0,0.1,0.6,0.9,0.5,0.6,0.4,2.0,0.4,0.3,0,D,"Jul 28, 1992",30,Spain,€2.50m
43,Darko Brasanac,131,Osasuna,31, M(CR)  ,9(16),1037,1,0.3,14.6,82.7,0.1,0.3,0.0,6.35,1,5,0,0.4,0.6,0,0.2,0.6,0.1,0.4,0.8,1.2,0.5,0.6,0.0,0.4,0.4,0.1,0,M,"Feb 12, 1992",31,Serbia,€2.00m
44,Kike García,131,Osasuna,33, FW  ,7(28),999,0,0.4,6.7,70.9,0.0,0.0,0.0,6.23,2,5,0,1.2,1.3,0,0.3,0.7,0.2,0.5,1.7,0.2,0.0,0.7,0.0,0.4,0.1,0.0,0,FW,"Nov 25, 1989",33,Spain,€1.80m
45,Mikel Merino,68,Real Sociedad,27, M(C)  ,28(5),2500,9,1.3,44.3,77.6,0.2,2.0,0.2,7.13,2,6,1,1.3,3.4,7,0.7,1.5,0.1,1.1,1.5,2.3,0.6,2.2,0.0,1.5,0.9,0.2,0,M,"Jun 22, 1996",27,Spain,€50.00m
46,Takefusa Kubo,68,Real Sociedad,22," AM(CLR),FW  ",29(6),2452,4,1.1,22.5,75.9,0.5,0.3,0.0,6.98,9,3,0,2.1,0.5,4,1.4,1.4,0.6,1.2,2.6,1.3,0.3,1.0,0.0,0.1,0.6,0.0,0,FW,"Jun 4, 2001",22,Japan,€25.00m
47,Brais Méndez,68,Real Sociedad,26," AM(CR),FW  ",28(6),2418,4,1.4,34.6,82.4,1.0,1.6,0.2,6.93,8,6,0,1.8,0.7,2,0.4,1.6,0.1,0.9,1.4,1.7,0.4,1.8,0.0,0.4,1.2,0.1,0,AM,"Jan 7, 1997",26,Spain,€25.00m
48,Alexander Sørloth,68,Real Sociedad,27," AM(R),FW  ",28(6),2398,3,0.9,13.8,69.5,0.1,0.1,0.0,6.85,12,4,0,1.9,1.8,3,0.9,0.5,0.5,1.8,2.5,0.5,0.1,0.9,0.1,0.8,0.2,0.0,0,FW,"Dec 5, 1995",27,Norway,€12.00m
49,David Silva,68,Real Sociedad,37," M(CLR),FW  ",25(3),1958,5,1.3,40.4,86.1,0.1,1.4,0.2,6.85,2,4,0,1.1,0.4,2,0.7,1.2,0.1,0.9,1.3,1.3,0.5,1.1,0.0,0.6,0.3,0.1,0,AM,"Jan 8, 1986",37,Spain,€4.00m
50,Robin Le Normand,68,Real Sociedad,26, D(C)  ,31(2),2795,0,0.1,52.5,88.2,0.0,3.2,0.1,6.76,0,6,0,0.4,3.3,1,0.1,0.9,0.1,0.3,0.2,1.1,1.0,1.3,0.9,2.8,0.4,0.4,1,D,"Nov 11, 1996",26,Spain,€35.00m
51,Diego Rico,68,Real Sociedad,30," D(CL),M(L)  ",18(2),1647,0,0.5,37.3,79.2,0.7,2.1,0.0,6.75,0,3,0,0.5,1.0,1,0.7,1.3,0.1,0.5,1.2,1.8,1.0,1.4,0.3,2.0,0.8,0.3,0,D,"Feb 23, 1993",30,Spain,€3.00m
52,Álex Remiro,68,Real Sociedad,28, GK  ,38,3420,0,0.0,30.7,68.8,0.0,7.7,0.0,6.71,0,1,0,0.0,0.2,0,0.0,0.1,0.0,0.0,0.1,0.0,0.0,0.0,0.0,0.7,0.1,0.0,0,GK,"Mar 24, 1995",28,Spain,€25.00m
53,Martín Zubimendi,68,Real Sociedad,24, DMC  ,35(1),3102,3,0.6,50.0,85.6,0.1,2.3,0.1,6.71,1,12,0,0.4,1.6,1,0.3,0.9,0.0,0.5,0.6,1.6,1.0,1.4,0.1,1.4,0.6,0.5,0,DM,"Feb 2, 1999",24,Spain,€40.00m
54,Igor Zubeldia,68,Real Sociedad,26," D(C),DMC  ",29(2),2547,1,0.1,49.4,85.7,0.1,2.9,0.0,6.64,1,10,0,0.2,1.9,1,0.3,0.3,0.0,0.0,0.2,1.1,0.7,1.4,0.6,2.9,0.3,0.5,1,D,"Mar 30, 1997",26,Spain,€15.00m
55,Ander Barrenetxea,68,Real Sociedad,21, M(LR)  ,9(14),874,1,0.4,14.7,77.2,0.2,0.4,0.0,6.64,3,4,0,0.8,0.5,0,1.5,0.6,0.0,0.8,1.6,0.9,0.2,1.0,0.1,0.3,0.7,0.0,0,FW,"Dec 27, 2001",21,Spain,€6.00m
56,Aihen Muñoz,68,Real Sociedad,25, D(L)  ,20(3),1758,1,0.6,34.2,80.2,0.6,1.3,0.0,6.62,0,2,0,0.3,1.0,0,0.8,0.7,0.0,0.8,1.1,1.7,0.4,1.3,0.1,1.3,1.1,0.2,0,D,"Aug 16, 1997",25,Spain,€6.00m
57,Asier Illarramendi,68,Real Sociedad,33, M(C)  ,13(11),1077,0,0.4,26.0,86.2,0.0,0.7,0.0,6.54,1,5,0,0.5,0.7,0,0.3,0.5,0.0,0.3,0.6,1.5,0.8,1.0,0.0,0.7,1.2,0.3,0,DM,"Mar 8, 1990",33,Spain,€2.00m
58,Andoni Gorosabel,68,Real Sociedad,26, D(R)  ,19(8),1712,0,0.5,30.4,86.7,0.5,1.1,0.0,6.49,0,3,0,0.5,0.7,1,0.3,0.6,0.0,0.3,0.5,1.5,0.6,0.9,0.1,0.8,0.6,0.1,0,D,"Aug 4, 1996",26,Spain,€9.00m
59,Mohamed-Ali Cho,68,Real Sociedad,19, FW  ,5(14),580,2,0.4,7.1,73.9,0.5,0.1,0.0,6.47,1,1,0,1.2,0.3,1,0.8,0.6,0.2,0.5,1.5,0.7,0.1,0.6,0.0,0.1,0.3,0.0,0,FW,"Jan 19, 2004",19,France,€12.00m
60,Mikel Oyarzabal,68,Real Sociedad,26," AM(CLR),FW  ",14(9),1217,1,0.6,15.6,76.9,0.3,0.4,0.0,6.42,4,1,0,0.8,0.7,1,0.3,0.7,0.5,0.8,1.2,0.6,0.1,0.7,0.0,0.2,0.6,0.2,0,FW,"Apr 21, 1997",26,Spain,€40.00m
61,Aritz Elustondo,68,Real Sociedad,29, D(CR)  ,16(9),1450,1,0.2,27.4,82.6,0.1,1.3,0.0,6.41,0,5,1,0.3,0.7,0,0.2,0.4,0.0,0.3,0.5,1.0,0.8,0.8,0.4,1.6,0.5,0.2,0,D,"Mar 28, 1994",29,Spain,€14.00m
62,Carlos Fernández,68,Real Sociedad,27," AM(C),FW  ",8(16),626,0,0.3,6.1,65.3,0.0,0.0,0.0,6.25,1,6,0,0.9,1.0,0,0.5,0.6,0.4,0.5,0.8,0.3,0.0,0.7,0.0,0.2,0.6,0.0,0,FW,"May 22, 1996",27,Spain,€3.00m
63,Nico Williams,53,Athletic Bilbao,20, AM(LR)  ,32(4),2675,4,1.3,21.4,78.4,0.8,0.4,0.0,6.89,6,3,0,1.7,0.6,3,2.3,1.0,0.4,1.3,2.4,0.9,0.2,0.6,0.0,0.2,0.6,0.1,0,FW,"Jul 12, 2002",20,Spain,€30.00m
64,Iñaki Williams,53,Athletic Bilbao,29," AM(CLR),FW  ",34(2),2853,3,1.1,19.7,71.1,0.3,0.4,0.0,6.83,10,2,0,2.4,0.9,3,1.3,0.9,0.6,1.2,2.0,0.6,0.2,0.9,0.1,0.9,0.4,0.1,0,FW,"Jun 15, 1994",29,Ghana,€25.00m
65,Yuri Berchiche,53,Athletic Bilbao,33," D(L),M(L)  ",27(2),2408,1,0.7,42.8,84.1,0.5,2.6,0.0,6.79,1,7,1,1.0,1.8,1,0.4,1.1,0.2,0.5,0.8,1.9,1.4,1.1,0.4,1.7,0.9,0.4,0,D,"Feb 10, 1990",33,Spain,€2.00m
66,Yeray Álvarez,53,Athletic Bilbao,28, D(C)  ,27(1),2337,1,0.5,49.2,81.1,0.1,4.3,0.1,6.79,1,7,1,0.3,2.0,1,0.2,0.8,0.0,0.0,0.3,1.2,1.7,0.8,0.4,3.6,0.3,0.5,0,D,"Jan 24, 1995",28,Spain,€15.00m
67,Iker Muniain,53,Athletic Bilbao,30, AM(CLR)  ,19(11),1692,3,1.6,32.7,86.2,1.2,0.9,0.1,6.72,0,2,0,0.9,0.1,1,1.3,2.1,0.0,1.0,1.0,0.7,0.1,0.4,0.0,0.1,0.4,0.0,0,AM,"Dec 19, 1992",30,Spain,€9.00m
68,Oihan Sancet,53,Athletic Bilbao,23," M(C),FW  ",32(4),2555,2,1.2,26.3,83.0,0.1,0.6,0.1,6.72,10,6,1,1.6,0.7,1,1.3,1.5,0.1,1.7,2.3,0.8,0.1,1.1,0.0,0.3,0.7,0.0,0,AM,"Apr 25, 2000",23,Spain,€30.00m
69,Mikel Vesga,53,Athletic Bilbao,30, DMC  ,28(8),2576,3,0.6,41.4,84.2,0.1,2.8,0.0,6.63,3,5,0,0.8,1.8,0,0.3,0.6,0.0,0.4,1.1,1.6,1.0,1.2,0.0,1.0,1.2,0.2,1,DM,"Apr 8, 1993",30,Spain,€6.00m
70,Dani Vivian,53,Athletic Bilbao,23, D(C)  ,26(3),2374,0,0.2,49.1,81.5,0.0,4.1,0.0,6.59,1,8,1,0.4,1.4,0,0.1,0.7,0.1,0.5,0.7,2.0,0.8,1.3,0.7,3.0,0.3,0.5,0,D,"Jul 5, 1999",23,Spain,€14.00m
71,Gorka Guruzeta,53,Athletic Bilbao,26, FW  ,17(13),1421,1,0.5,12.8,73.4,0.0,0.6,0.0,6.52,6,2,0,1.7,1.0,2,0.3,0.5,0.5,0.7,1.3,0.8,0.1,0.9,0.0,0.2,0.4,0.1,0,FW,"Sep 12, 1996",26,Spain,€2.00m
72,Unai Simón,53,Athletic Bilbao,26, GK  ,31,2746,0,0.0,25.6,68.4,0.0,5.4,0.0,6.48,0,2,0,0.0,0.0,1,0.0,0.0,0.0,0.0,0.0,0.1,0.0,0.0,0.0,0.4,0.0,0.0,0,GK,"Jun 11, 1997",26,Spain,€25.00m
73,Dani García,53,Athletic Bilbao,33, DMC  ,18(7),1492,2,0.4,28.5,79.9,0.1,1.6,0.0,6.47,0,6,0,0.4,0.8,0,0.1,0.6,0.0,0.2,0.2,1.8,0.8,1.4,0.0,0.8,0.7,0.2,0,M,"May 24, 1990",33,Spain,€2.00m
74,Raúl García,53,Athletic Bilbao,36," M(CLR),FW  ",6(29),948,3,0.2,8.5,64.5,0.1,0.4,0.0,6.34,2,4,0,1.5,1.2,0,0.2,0.5,0.2,0.2,0.4,0.3,0.2,0.4,0.0,0.2,0.3,0.0,0,FW,"Jul 11, 1986",36,Spain,€2.50m
75,Oier Zarraga,53,Athletic Bilbao,24," DMC,M(R)  ",6(20),841,0,0.5,13.3,82.1,0.3,0.3,0.0,6.21,0,5,0,0.7,0.3,0,0.2,0.5,0.0,0.3,0.2,0.5,0.4,0.7,0.0,0.2,0.5,0.0,0,M,"Jan 4, 1999",24,Spain,€3.00m
76,Aleix García,2783,Girona,25, DMC  ,26(4),2341,5,2.1,48.4,88.9,2.2,3.3,0.1,7.04,1,1,0,1.1,0.4,2,0.4,1.0,0.0,0.4,0.6,1.2,1.0,0.5,0.0,0.9,0.6,0.3,0,M,"Jun 28, 1997",26,Spain,€10.00m
77,Viktor Tsygankov,2783,Girona,25, AM(CLR)  ,17(2),1494,6,1.9,29.4,72.9,1.1,0.9,0.0,6.91,3,0,0,1.0,0.4,1,0.9,1.1,0.1,0.8,0.8,0.4,0.4,0.4,0.0,0.5,0.7,0.1,0,FW,"Nov 15, 1997",25,Ukraine,€22.00m
78,David López,2783,Girona,33," D(C),DMC  ",19(1),1658,1,0.4,59.9,90.1,0.0,3.0,0.0,6.75,3,5,0,0.6,1.5,2,0.3,0.8,0.2,0.1,0.4,1.6,0.7,0.8,0.4,3.2,0.4,1.0,0,D,"Oct 9, 1989",33,Spain,€2.00m
79,Arnau Martínez,2783,Girona,20, D(R)  ,32(1),2737,4,1.2,38.1,82.4,0.6,1.4,0.1,6.74,3,11,0,0.6,1.1,2,0.7,2.0,0.2,0.5,1.1,2.1,0.8,1.1,0.3,1.4,1.4,0.3,0,D,"Apr 25, 2003",20,Spain,€15.00m
80,Oriol Romeu,2783,Girona,31, DMC  ,33,2952,0,0.6,48.6,87.3,0.1,2.6,0.0,6.71,2,8,1,0.7,1.2,0,0.6,1.0,0.0,0.8,0.8,2.1,1.1,1.8,0.1,1.5,0.8,0.3,0,DM,"Sep 24, 1991",31,Spain,€5.00m
81,Paulo Gazzaniga,2783,Girona,31, GK  ,28,2520,0,0.0,33.0,69.9,0.0,6.3,0.0,6.69,0,4,0,0.0,0.2,3,0.0,0.2,0.0,0.1,0.1,0.0,0.0,0.0,0.0,0.4,0.0,0.0,0,GK,"Jan 2, 1992",31,Argentina,€3.00m
82,Rodrigo Riquelme,2783,Girona,23, AM(CL)  ,25(9),2188,4,1.0,18.4,75.9,0.5,0.5,0.0,6.63,4,1,0,1.6,0.3,2,1.7,1.1,0.1,0.9,1.8,0.6,0.3,0.8,0.0,0.1,0.8,0.0,0,FW,"Apr 2, 2000",23,Spain,€12.00m
83,Santiago Bueno,2783,Girona,24, D(C)  ,34,3012,1,0.3,52.9,86.6,0.1,3.3,0.0,6.58,0,5,1,0.4,2.2,0,0.1,1.0,0.1,0.0,0.2,1.9,0.9,1.1,0.4,3.0,0.4,0.6,0,D,"Nov 9, 1998",24,Uruguay,€8.00m
84,Miguel Gutiérrez,2783,Girona,21, D(L)  ,27(7),2400,3,0.6,31.3,85.8,0.7,0.9,0.0,6.57,2,6,0,0.5,0.3,0,1.0,0.7,0.1,0.7,1.1,1.2,0.5,0.7,0.1,1.0,0.4,0.1,0,D,"Jul 27, 2001",21,Spain,€10.00m
85,Iván Martín,2783,Girona,24, M(C)  ,18(6),1592,3,0.7,26.9,85.1,0.3,0.5,0.0,6.55,3,2,0,0.8,0.5,0,1.1,0.5,0.1,1.5,1.3,0.4,0.4,0.8,0.0,0.5,0.6,0.0,0,AM,"Feb 14, 1999",24,Spain,€3.00m
86,Yan Couto,2783,Girona,21," D(R),M(R)  ",12(13),1154,2,0.8,18.7,78.8,0.6,0.7,0.0,6.52,1,3,0,0.3,0.0,0,1.1,0.6,0.1,0.5,1.0,1.0,0.2,0.5,0.1,0.4,0.3,0.1,0,D,"Jun 3, 2002",21,Brazil,€4.00m
87,Toni Villa,2783,Girona,28, AM(CLR)  ,12(12),896,3,0.6,12.4,81.9,0.3,0.2,0.0,6.47,1,2,0,0.7,0.1,2,1.0,0.8,0.3,0.9,0.8,1.0,0.3,0.5,0.0,0.0,0.5,0.0,0,FW,"Jan 7, 1995",28,Spain,€2.50m
88,Yangel Herrera,2783,Girona,25, M(C)  ,12(8),966,2,0.6,19.8,82.8,0.2,0.7,0.1,6.45,2,4,0,1.2,0.9,0,0.6,1.1,0.1,1.1,1.3,1.3,0.2,1.7,0.0,0.6,0.5,0.1,0,M,"Jan 7, 1998",25,Venezuela,€5.00m
89,Javi Hernández,2783,Girona,25, D(L)  ,13(12),1117,2,0.3,26.0,82.1,0.2,0.8,0.0,6.45,1,3,0,0.6,0.4,0,0.4,0.8,0.0,0.3,0.3,0.8,0.3,0.4,0.2,1.4,0.3,0.2,0,D,"May 2, 1998",25,Spain,€2.50m
90,Bernardo Espinosa,2783,Girona,33, D(C)  ,14(6),1226,1,0.1,45.5,89.1,0.0,1.4,0.0,6.39,1,5,0,0.6,2.7,1,0.2,0.5,0.0,0.2,0.2,0.3,0.6,0.6,0.4,3.5,0.3,0.5,0,D,"Jul 11, 1989",33,Colombia,€1.50m
91,Juanpe,2783,Girona,32, D(C)  ,17(2),1429,0,0.2,45.9,86.1,0.0,2.6,0.0,6.35,1,3,0,0.3,0.9,0,0.1,0.1,0.0,0.1,0.0,1.0,0.5,0.6,0.5,3.1,0.3,0.5,0,D,"Apr 30, 1991",32,Spain,€1.50m
92,Reinier,2783,Girona,21, AM(C)  ,6(13),640,1,0.4,12.8,80.7,0.0,0.0,0.1,6.34,2,1,1,0.5,0.3,0,0.5,0.8,0.1,1.0,1.0,0.6,0.3,0.2,0.0,0.2,0.3,0.0,0,AM,"Jan 19, 2002",21,Brazil,€2.00m
93,Cristhian Stuani,2783,Girona,36," AM(CLR),FW  ",8(24),1078,0,0.3,5.1,74.4,0.0,0.1,0.0,6.33,9,8,0,1.1,0.7,0,0.0,0.7,0.2,0.2,0.7,0.4,0.1,1.2,0.0,0.2,0.3,0.0,0,FW,"Oct 12, 1986",36,Uruguay,€2.00m
94,Valery Fernández,2783,Girona,23," D(R),M(L)  ",7(18),959,2,0.7,12.2,86.6,0.2,0.3,0.0,6.31,0,1,0,0.3,0.4,0,0.5,0.6,0.2,0.4,0.7,0.5,0.4,0.2,0.1,0.2,0.2,0.0,0,FW,"Nov 23, 1999",23,Spain,€1.50m
95,Joselu,70,Espanyol,33, FW  ,33(1),2989,2,0.6,21.7,61.0,0.2,0.4,0.0,7.15,16,3,0,2.7,5.1,5,0.5,2.1,0.8,1.3,2.5,0.4,0.2,0.7,0.0,1.2,0.4,0.1,0,FW,"Mar 27, 1990",33,Spain,€6.00m
96,Sergi Darder,70,Espanyol,29, M(CL)  ,38,3325,3,1.9,37.5,78.5,1.3,2.5,0.1,7.08,6,4,0,1.0,0.3,5,1.8,2.1,0.1,0.7,1.1,1.8,0.6,0.8,0.0,0.6,1.2,0.1,0,M,"Dec 22, 1993",29,Spain,€16.00m
97,Adrián Embarba,1799,Almeria,31," AM(CLR),FW  ",18(11),1477,3,1.1,14.5,74.8,1.2,0.8,0.0,6.8,4,3,1,1.7,0.3,3,1.6,1.0,0.3,1.1,1.7,1.7,0.3,0.8,0.0,0.2,0.8,0.0,0,FW,"May 7, 1992",31,Spain,€2.50m
98,Brian Oliván,70,Espanyol,29, D(CL)  ,29(1),2413,7,1.1,25.0,70.1,1.1,2.2,0.0,6.6,1,7,0,0.5,0.6,0,0.1,0.5,0.1,0.2,0.8,1.6,0.7,1.1,0.3,1.9,0.3,0.2,0,D,"Apr 1, 1994",29,Spain,€6.00m
99,César Montes,70,Espanyol,26, D(C)  ,18(2),1589,0,0.0,39.4,78.2,0.1,2.8,0.0,6.6,3,7,0,0.7,3.4,1,0.1,0.3,0.1,0.2,0.3,0.9,0.7,0.9,0.5,5.0,0.4,0.6,0,D,"Feb 24, 1997",26,Mexico,€8.00m
100,Martin Braithwaite,70,Espanyol,32," AM(CLR),FW  ",29(2),2468,2,0.4,13.7,68.9,0.1,0.4,0.0,6.56,10,5,1,1.9,1.5,2,0.5,1.4,0.4,0.6,1.7,0.4,0.2,0.6,0.1,0.4,0.3,0.0,0,FW,"Jun 5, 1991",32,Denmark,€5.00m
101,Leandro Cabrera,70,Espanyol,32, D(CL)  ,31(1),2673,1,0.4,38.5,73.3,0.2,2.7,0.0,6.48,0,8,2,0.7,1.9,0,0.2,0.6,0.0,0.2,0.3,1.4,1.3,0.9,0.5,3.3,0.5,0.7,1,D,"Jun 17, 1991",32,Uruguay,€2.50m
102,Edu Expósito,70,Espanyol,26, M(C)  ,13(15),1165,2,0.8,17.1,79.1,0.3,0.8,0.1,6.47,2,3,1,0.7,0.5,1,0.4,1.0,0.0,0.5,0.9,1.2,0.4,0.5,0.0,0.7,0.4,0.0,0,M,"Aug 1, 1996",26,Spain,€4.00m
103,Fernando Calero,70,Espanyol,27," D(C),DMC  ",20(7),1618,1,0.1,26.6,81.8,0.0,1.9,0.0,6.45,0,6,0,0.3,1.3,0,0.0,0.3,0.0,0.2,0.4,1.7,0.5,0.8,0.3,1.9,0.5,0.5,0,D,"Sep 14, 1995",27,Spain,€2.00m
104,Sergi Gómez,70,Espanyol,31, D(CR)  ,26(3),2343,0,0.2,38.6,86.0,0.0,2.9,0.0,6.43,0,0,2,0.3,1.5,0,0.0,0.3,0.0,0.0,0.2,1.0,0.9,0.3,0.7,4.1,0.1,0.7,0,D,"Mar 28, 1992",31,Spain,€2.00m
105,Óscar Gil,70,Espanyol,25, D(R)  ,31(2),2571,1,0.5,21.7,77.8,0.2,1.0,0.0,6.4,0,14,0,0.3,0.4,0,0.7,1.2,0.0,0.4,1.6,1.9,0.9,1.6,0.2,1.2,0.9,0.5,0,D,"Apr 26, 1998",25,Spain,€3.00m
106,Aleix Vidal,70,Espanyol,33," D(R),M(LR)  ",10(15),1025,3,0.6,12.3,77.9,0.3,0.8,0.0,6.25,0,8,1,0.1,0.1,0,0.3,0.7,0.0,0.3,0.6,0.4,0.6,0.9,0.0,0.4,0.7,0.1,0,FW,"Aug 21, 1989",33,Spain,€1.50m
107,Jordi Masip,58,Real Valladolid,34, GK  ,28,2508,0,0.0,30.0,66.4,0.0,6.3,0.0,6.83,0,4,0,0.0,0.3,1,0.0,0.2,0.0,0.0,0.0,0.0,0.0,0.0,0.0,0.5,0.1,0.0,0,GK,"Jan 3, 1989",34,Spain,€1.00m
108,Gonzalo Plata,58,Real Valladolid,22," AM(R),FW  ",26(8),2310,5,1.1,20.4,78.1,0.2,0.2,0.1,6.75,1,1,0,1.1,0.5,2,1.9,1.2,0.1,1.1,2.0,1.9,0.4,0.6,0.0,0.2,1.4,0.0,0,FW,"Nov 1, 2000",22,Ecuador,€5.00m
109,Cyle Larin,58,Real Valladolid,28," AM(LR),FW  ",16(3),1471,3,0.8,12.7,70.1,0.1,0.3,0.0,6.71,8,4,0,2.7,2.3,0,0.5,1.3,1.5,1.9,3.4,0.5,0.0,1.2,0.2,0.8,0.2,0.2,0,FW,"Apr 17, 1995",28,Canada,€8.00m
110,Sergio Escudero,58,Real Valladolid,33," D(L),M(L)  ",17(6),1442,0,0.7,23.2,72.3,0.7,1.3,0.0,6.69,1,3,0,1.2,1.0,1,0.3,0.9,0.0,0.3,0.6,1.4,1.1,0.8,0.2,1.7,0.9,0.3,0,D,"Sep 2, 1989",33,Spain,€1.50m
111,Jawad El Yamiq,58,Real Valladolid,31, D(C)  ,19(6),1612,0,0.2,36.2,81.6,0.0,2.8,0.0,6.59,1,2,1,0.7,1.7,0,0.4,0.4,0.0,0.2,0.6,0.7,1.5,0.5,0.2,3.8,0.2,0.8,0,D,"Feb 29, 1992",31,Morocco,€2.00m
112,Kike Pérez,58,Real Valladolid,26, M(C)  ,28(8),2319,2,0.9,31.5,79.3,0.3,2.3,0.0,6.57,1,9,0,1.3,0.9,0,0.8,1.6,0.1,0.9,1.4,1.9,0.6,1.6,0.0,0.7,1.2,0.2,0,M,"Feb 14, 1997",26,Spain,€4.50m
113,Iván Sánchez,58,Real Valladolid,30, AM(CR)  ,13(12),1122,1,0.7,17.4,84.4,0.5,0.7,0.0,6.57,1,0,0,0.7,0.1,1,1.4,1.7,0.0,0.6,0.8,0.8,0.3,0.4,0.0,0.2,0.7,0.0,0,FW,"Sep 23, 1992",30,Spain,€800k
114,Iván Fresneda,58,Real Valladolid,18, D(R)  ,18(4),1776,0,0.8,31.3,80.7,0.5,1.6,0.0,6.56,0,3,0,0.2,0.4,0,0.7,1.1,0.0,0.8,1.0,2.2,0.7,0.6,0.0,2.0,0.8,0.4,0,D,"Sep 28, 2004",18,Spain,€15.00m
115,Javi Sánchez,58,Real Valladolid,26, D(C)  ,28(4),2395,0,0.1,36.3,82.5,0.0,2.6,0.0,6.54,1,11,0,0.3,1.4,0,0.2,0.3,0.0,0.1,0.2,1.3,1.4,1.1,0.3,3.5,0.3,0.7,0,D,"Mar 14, 1997",26,Spain,€3.00m
116,Monchu,58,Real Valladolid,23, DMC  ,24(10),2030,2,0.7,28.5,83.2,0.8,2.8,0.1,6.52,3,10,0,1.1,0.5,1,0.3,0.8,0.0,0.4,1.0,1.5,0.5,1.4,0.0,0.5,0.8,0.3,0,M,"Sep 13, 1999",23,Spain,€5.00m
117,Joaquín Fernández,58,Real Valladolid,27," D(C),DMC  ",24(3),2158,0,0.1,36.3,83.2,0.0,2.7,0.0,6.52,1,4,0,0.4,2.0,1,0.0,0.4,0.1,0.0,0.3,1.3,1.0,0.6,0.5,3.6,0.4,0.8,1,D,"May 31, 1996",27,Spain,€3.00m
118,Óscar Plano,58,Real Valladolid,32," AM(CLR),FW  ",22(11),2048,1,0.5,18.5,75.4,0.2,0.6,0.1,6.51,1,3,0,0.9,1.0,0,0.4,1.5,0.2,0.7,1.1,1.2,0.9,0.7,0.0,0.5,0.8,0.1,0,FW,"Feb 11, 1991",32,Spain,€3.00m
119,Toni Villa,2783,Girona,28, AM(CLR)  ,12(12),896,3,0.6,12.4,81.9,0.3,0.2,0.0,6.47,1,2,0,0.7,0.1,2,1.0,0.8,0.3,0.9,0.8,1.0,0.3,0.5,0.0,0.0,0.5,0.0,0,FW,"Jan 7, 1995",28,Spain,€2.50m
120,Lucas Olaza,58,Real Valladolid,28," D(L),M(L)  ",16(7),1497,1,0.7,24.8,80.4,0.5,1.4,0.0,6.46,0,3,0,0.2,1.2,0,0.2,0.9,0.1,0.3,0.6,1.0,0.6,0.5,0.1,1.3,0.4,0.3,0,D,"Jul 21, 1994",28,Uruguay,€2.50m
121,Álvaro Aguado,58,Real Valladolid,27, M(C)  ,18(16),1887,2,1.0,31.6,85.2,0.3,3.4,0.1,6.46,1,3,0,0.6,0.4,0,0.4,1.0,0.0,0.3,0.7,0.8,0.4,0.4,0.0,0.4,0.3,0.1,0,M,"May 1, 1996",27,Spain,€3.00m
122,Roque Mesa,58,Real Valladolid,34, DMC  ,21(9),1629,1,0.6,31.4,83.4,0.1,3.0,0.1,6.4,2,9,1,0.9,0.4,1,0.5,0.8,0.0,0.7,0.7,0.9,0.4,1.3,0.0,0.6,0.9,0.1,0,M,"Jun 7, 1989",34,Spain,€2.50m
123,Sergio León,58,Real Valladolid,34, FW  ,14(15),1332,1,0.4,6.6,70.3,0.0,0.3,0.0,6.28,6,0,1,1.0,0.6,1,0.3,0.8,0.7,0.6,1.6,0.2,0.0,0.3,0.0,0.1,0.1,0.0,0,FW,"Jan 6, 1989",34,Spain,€2.00m
124,Loïc Badé,67,Sevilla,23, D(C)  ,16(3),1448,0,0.1,44.1,87.5,0.0,1.9,0.0,6.92,1,4,0,0.2,1.8,3,0.3,0.2,0.0,0.1,0.3,1.4,1.2,0.7,0.5,3.9,0.7,0.7,0,D,"Apr 11, 2000",23,France,€12.00m
125,Marcos Acuña,67,Sevilla,31," D(CL),M(CL)  ",21(9),1917,2,1.3,32.8,80.6,1.4,2.4,0.0,6.78,3,9,3,0.7,1.0,1,0.9,1.1,0.0,0.7,1.0,1.9,0.8,1.1,0.2,1.1,0.4,0.2,0,D,"Oct 28, 1991",31,Argentina,€10.00m
126,Lucas Ocampos,67,Sevilla,28," M(CLR),FW  ",11(8),1163,0,0.7,21.1,77.1,0.4,0.3,0.0,6.71,4,7,0,1.6,1.6,2,1.3,1.3,0.3,0.9,2.1,1.2,0.4,0.8,0.1,0.3,1.2,0.1,0,FW,"Jul 11, 1994",28,Argentina,€12.00m
127,Nemanja Gudelj,67,Sevilla,31," D(C),M(C)  ",31(3),2779,1,0.1,46.7,90.5,0.1,1.3,0.0,6.67,3,8,0,1.1,1.4,2,0.1,0.6,0.0,0.1,0.4,1.3,1.0,0.8,0.2,2.9,0.4,0.9,0,D,"Nov 16, 1991",31,Serbia,€4.00m
128,Suso,67,Sevilla,29," AM(CLR),FW  ",10(15),1063,4,1.1,19.1,87.4,0.6,1.6,0.1,6.67,2,1,0,1.0,0.1,1,1.0,0.8,0.3,0.8,0.7,0.6,0.1,0.5,0.0,0.1,0.5,0.0,0,FW,"Nov 19, 1993",29,Spain,€6.00m
129,Fernando,67,Sevilla,35," D(C),DMC  ",19(3),1581,1,0.4,39.2,88.7,0.0,2.4,0.0,6.57,0,3,1,0.3,0.9,0,0.1,0.4,0.0,0.5,0.6,1.5,1.1,0.8,0.3,1.2,0.5,0.5,1,DM,"Jul 25, 1987",35,Brazil,€3.00m
130,Youssef En-Nesyri,67,Sevilla,26, FW  ,17(14),1660,1,0.3,7.5,65.7,0.0,0.1,0.0,6.55,8,4,0,1.9,1.9,0,0.1,0.4,0.7,0.3,1.5,0.5,0.1,0.3,0.0,0.5,0.3,0.1,0,FW,"Jun 1, 1997",26,Morocco,€20.00m
131,Óliver Torres,67,Sevilla,28, M(CLR)  ,27(5),2149,1,1.2,31.9,81.6,0.5,2.3,0.0,6.55,3,2,0,0.7,0.2,2,0.5,1.4,0.2,1.5,1.1,1.2,0.3,0.9,0.0,0.2,1.3,0.2,0,M,"Nov 10, 1994",28,Spain,€9.00m
132,Ivan Rakitic,67,Sevilla,35, M(CL)  ,21(10),1791,3,0.9,37.2,83.6,0.8,2.5,0.0,6.54,1,3,1,1.0,0.6,1,0.1,0.9,0.1,0.4,0.8,1.2,0.9,0.5,0.0,0.6,0.7,0.0,0,M,"Mar 10, 1988",35,Croatia,€4.00m
133,Erik Lamela,67,Sevilla,31," AM(CLR),FW  ",20(12),1847,0,0.8,22.6,79.8,0.2,0.4,0.0,6.53,6,8,1,1.5,0.5,0,1.0,0.7,0.3,1.6,1.7,1.4,0.2,1.8,0.0,0.1,0.7,0.1,0,FW,"Mar 4, 1992",31,Argentina,€9.00m
134,Alex Telles,67,Sevilla,30," D(CL),M(L)  ",15(12),1428,2,0.7,20.2,81.1,0.9,0.9,0.0,6.52,0,6,0,0.4,1.0,0,0.5,0.5,0.0,0.0,0.4,0.8,0.7,0.9,0.3,1.3,0.4,0.2,0,D,"Dec 15, 1992",30,Brazil,€7.50m
135,Jesús Navas,67,Sevilla,37," D(R),M(R)  ",21(11),1980,0,0.8,31.7,81.2,0.7,2.1,0.0,6.46,0,5,0,0.3,0.5,0,0.3,1.0,0.2,0.3,0.5,0.6,0.7,0.2,0.1,1.3,0.3,0.2,1,D,"Nov 21, 1985",37,Spain,€3.00m
136,Munir El Haddadi,819,Getafe,27," AM(CLR),FW  ",10(18),1149,1,0.5,12.4,69.4,0.8,0.1,0.0,6.43,3,4,0,1.1,1.0,0,0.4,1.2,0.5,0.9,1.6,0.4,0.3,0.5,0.0,0.1,0.3,0.1,0,FW,"Sep 1, 1995",27,Morocco,€3.50m
137,Papu Gómez,67,Sevilla,35," M(CLR),FW  ",11(8),1063,1,0.7,25.3,88.6,0.6,1.4,0.1,6.42,1,4,0,1.2,0.2,0,0.8,1.2,0.2,0.7,1.1,0.3,0.2,0.3,0.1,0.3,0.4,0.1,0,FW,"Feb 15, 1988",35,Argentina,€3.00m
138,Rafa Mir,67,Sevilla,26, FW  ,16(10),1300,0,0.3,9.8,69.3,0.0,0.1,0.0,6.39,6,1,0,1.9,1.4,1,0.0,0.4,0.7,0.5,0.9,0.3,0.2,0.9,0.1,0.4,0.1,0.0,0,FW,"Jun 18, 1997",26,Spain,€10.00m
139,Tanguy Nianzou,67,Sevilla,21, D(C)  ,16(3),1370,0,0.1,40.4,88.0,0.0,1.4,0.0,6.38,1,1,1,0.3,1.7,0,0.5,0.7,0.0,0.2,0.2,1.1,0.8,0.7,0.4,2.1,0.2,0.3,0,D,"Jun 7, 2002",21,France,€7.50m
140,Gonzalo Montiel,67,Sevilla,26," D(CR),M(R)  ",17(11),1522,3,0.7,24.2,80.8,0.3,0.8,0.1,6.35,0,8,1,0.3,0.5,0,0.4,0.4,0.4,0.3,0.8,0.9,0.7,0.7,0.1,1.2,0.5,0.3,0,D,"Jan 1, 1997",26,Argentina,€12.00m
141,Joan Jordán,67,Sevilla,28, M(C)  ,19(4),1595,1,0.3,47.1,88.5,0.0,3.7,0.0,6.35,0,8,0,0.6,0.5,0,0.2,0.5,0.0,0.2,0.7,1.4,0.7,1.5,0.0,0.6,1.0,0.3,0,M,"Jul 6, 1994",28,Spain,€9.00m
142,José Gayà,55,Valencia,28," D(L),M(L)  ",31,2716,3,1.9,39.5,81.0,1.5,2.1,0.0,6.98,1,4,0,0.7,0.8,3,0.8,0.9,0.2,0.4,0.6,2.6,0.7,0.4,0.2,1.3,1.0,0.3,0,D,"May 25, 1995",28,Spain,€30.00m
143,André Almeida,55,Valencia,23, M(C)  ,29(5),2552,4,1.3,36.8,84.9,1.1,1.6,0.1,6.84,2,3,0,0.7,0.4,1,1.4,1.2,0.0,1.4,1.2,1.9,0.6,0.9,0.0,0.4,0.9,0.0,0,M,"May 30, 2000",23,Portugal,€20.00m
144,Samuel Lino,55,Valencia,23," AM(LR),FW  ",33(5),2897,1,0.7,27.7,80.4,0.2,0.6,0.1,6.81,6,4,0,2.5,0.4,2,1.4,1.6,0.4,1.5,2.2,1.7,0.5,0.9,0.0,0.2,1.2,0.0,0,FW,"Dec 23, 1999",23,Brazil,€16.00m
145,Eray Cömert,55,Valencia,25, D(C)  ,19(4),1675,0,0.1,41.0,86.5,0.0,3.0,0.0,6.7,1,5,1,0.4,1.9,0,0.1,0.5,0.0,0.0,0.0,1.5,1.3,1.0,0.5,3.2,0.7,0.3,0,D,"Feb 4, 1998",25,Switzerland,€3.50m
146,Thierry Correia,55,Valencia,24," D(R),M(R)  ",24(3),2015,0,0.5,39.9,79.4,0.9,2.0,0.0,6.68,0,6,0,0.2,0.9,0,0.5,1.6,0.0,0.4,1.3,2.6,0.9,1.4,0.3,1.7,0.9,0.1,0,D,"Mar 9, 1999",24,Portugal,€8.00m
147,Justin Kluivert,55,Valencia,24," AM(LR),FW  ",15(11),1452,0,0.9,12.5,78.7,0.6,0.3,0.0,6.66,6,4,0,1.7,0.3,2,1.2,0.7,0.4,0.8,1.5,0.7,0.3,0.9,0.0,0.1,0.2,0.0,0,FW,"May 5, 1999",24,Netherlands,€14.00m
148,Mouctar Diakhaby,55,Valencia,26, D(C)  ,28(1),2449,0,0.2,40.7,82.1,0.0,2.9,0.0,6.65,3,5,1,0.7,1.7,1,0.2,0.4,0.1,0.1,0.5,1.0,0.7,0.8,0.6,3.6,0.2,0.6,0,D,"Dec 19, 1996",26,Guinea,€6.00m
149,Nico González,55,Valencia,21, DMC  ,18(8),1410,1,0.5,29.7,87.4,0.0,0.8,0.1,6.59,1,1,0,0.5,1.0,0,1.1,0.5,0.0,0.6,0.5,1.0,0.7,1.3,0.0,0.5,0.6,0.3,1,M,"Jan 3, 2002",21,Spain,€10.00m
150,Samu Castillejo,55,Valencia,28," AM(CLR),FW  ",17(8),1371,0,1.2,21.0,84.7,0.9,0.9,0.0,6.57,4,7,0,1.5,0.3,0,0.9,1.6,0.3,1.1,1.7,0.8,0.4,1.3,0.0,0.0,1.3,0.1,0,FW,"Jan 18, 1995",28,Spain,€6.00m
151,Giorgi Mamardashvili,55,Valencia,22, GK  ,38,3420,0,0.0,24.7,59.9,0.0,5.2,0.0,6.54,0,3,0,0.0,0.2,2,0.0,0.1,0.0,0.0,0.1,0.0,0.0,0.0,0.0,0.6,0.0,0.0,0,GK,"Sep 29, 2000",22,Georgia,€25.00m
152,Hugo Guillamón,55,Valencia,23," D(C),DMC  ",19(6),1634,4,1.0,39.5,84.4,0.7,3.1,0.0,6.46,1,5,0,0.2,0.8,0,0.0,1.4,0.0,0.6,0.4,0.8,0.8,1.4,0.0,1.1,0.6,0.1,1,DM,"Jan 31, 2000",23,Spain,€14.00m
153,Gabriel Paulista,55,Valencia,32, D(CR)  ,18(3),1508,0,0.2,36.2,84.1,0.0,2.6,0.0,6.43,1,2,2,0.7,2.0,0,0.0,0.5,0.0,0.0,0.2,0.8,1.5,0.6,0.5,3.7,0.3,0.7,0,D,"Nov 26, 1990",32,Brazil,€2.50m
154,Edinson Cavani,55,Valencia,36," AM(LR),FW  ",20(5),1463,2,0.5,13.9,75.6,0.0,0.7,0.1,6.42,5,6,0,1.4,0.8,0,0.2,0.3,0.6,0.4,1.2,0.3,0.1,0.7,0.0,0.4,0.5,0.1,0,FW,"Feb 14, 1987",36,Uruguay,€3.00m
155,Yunus Musah,55,Valencia,20, AM(CR)  ,26(7),2121,2,0.5,21.8,81.8,0.2,0.9,0.1,6.42,0,10,1,0.7,0.8,0,0.8,1.3,0.1,0.7,1.6,1.5,0.3,1.3,0.1,0.5,0.3,0.0,0,M,"Nov 29, 2002",20,United States,€18.00m
156,Dimitri Foulquier,55,Valencia,30," D(CLR),M(R)  ",17(13),1729,2,0.4,21.6,73.2,0.6,1.0,0.0,6.39,0,4,0,0.1,0.6,1,0.6,0.5,0.0,0.3,1.1,1.0,0.5,0.9,0.2,1.2,0.3,0.1,0,D,"Mar 23, 1993",30,Guadeloupe,€2.50m
157,Toni Lato,55,Valencia,25," D(L),M(L)  ",9(15),909,0,0.6,17.0,83.0,0.3,0.5,0.0,6.33,1,1,0,0.4,0.2,1,0.3,0.4,0.2,0.1,0.3,1.0,0.3,0.5,0.1,0.5,0.5,0.0,0,D,"Nov 21, 1997",25,Spain,€2.50m
158,Ilaix Moriba,55,Valencia,20, M(C)  ,10(14),1006,2,0.5,20.5,80.9,0.1,1.0,0.0,6.32,0,4,2,0.9,1.0,1,0.5,1.4,0.0,0.5,0.9,1.5,0.2,1.3,0.0,0.5,0.4,0.0,0,M,"Jan 19, 2003",20,Guinea,€4.00m
159,Hugo Duro,55,Valencia,23," AM(L),FW  ",12(18),1375,1,0.4,9.1,73.9,0.0,0.1,0.0,6.19,1,5,0,1.1,1.1,0,0.1,1.2,0.1,0.6,1.0,0.5,0.1,0.7,0.0,0.2,0.3,0.0,0,FW,"Nov 10, 1999",23,Spain,€4.00m
160,Karim Benzema,52,Real Madrid,35, FW  ,24,2044,3,2.0,44.0,87.0,0.0,0.6,0.3,7.53,19,1,0,4.5,0.6,6,0.8,0.3,0.9,1.2,1.3,0.4,0.1,0.4,0.0,0.2,0.4,0.0,0,FW,"Dec 19, 1987",35,France,€25.00m
161,Rodrygo,52,Real Madrid,22," AM(CLR),FW  ",25(9),2382,8,1.4,29.7,89.6,0.2,0.5,0.0,7.26,9,4,0,2.9,0.4,4,2.4,1.4,0.3,0.9,1.9,0.5,0.2,0.5,0.0,0.1,0.6,0.0,0,FW,"Jan 9, 2001",22,Brazil,€100.00m
162,Federico Valverde,52,Real Madrid,24, M(CLR)  ,29(5),2509,4,1.3,46.8,88.4,0.2,1.7,0.0,7.08,7,2,0,1.9,0.9,4,0.9,0.4,0.1,0.2,0.6,0.9,0.5,0.3,0.0,0.4,0.4,0.1,0,M,"Jul 22, 1998",24,Uruguay,€100.00m
163,Toni Kroos,52,Real Madrid,33, M(C)  ,25(5),2164,4,1.8,77.7,94.6,1.1,6.8,0.1,7.04,2,0,1,1.0,0.2,1,0.3,1.2,0.0,0.4,0.3,1.7,0.8,0.9,0.0,0.2,1.5,0.1,0,M,"Jan 4, 1990",33,Germany,€15.00m
164,Aurélien Tchouaméni,52,Real Madrid,23, DMC  ,24(9),2120,4,0.7,51.1,93.5,0.0,1.2,0.1,7.04,0,2,0,1.2,1.5,2,0.8,1.1,0.0,0.4,0.7,1.9,1.5,1.1,0.1,1.5,0.5,0.2,0,DM,"Jan 27, 2000",23,France,€85.00m
165,Éder Militão,52,Real Madrid,25, D(CR)  ,30(3),2703,0,0.2,55.8,88.7,0.1,3.4,0.0,7.03,5,4,0,0.7,1.9,2,0.3,1.2,0.0,0.2,0.5,1.4,1.3,1.1,0.5,3.0,0.2,1.2,0,D,"Jan 18, 1998",25,Brazil,€70.00m
166,Marco Asensio,52,Real Madrid,27," AM(CLR),FW  ",15(16),1436,6,1.3,22.8,87.9,0.6,1.0,0.1,6.94,9,1,0,1.9,0.1,3,0.7,0.5,0.1,0.4,0.6,0.5,0.2,0.3,0.0,0.1,0.4,0.1,0,FW,"Jan 21, 1996",27,Spain,€25.00m
167,Thibaut Courtois,52,Real Madrid,31, GK  ,31,2790,0,0.1,30.3,83.9,0.0,3.9,0.0,6.94,0,0,0,0.0,0.3,2,0.1,0.1,0.0,0.0,0.1,0.0,0.1,0.0,0.0,0.3,0.0,0.0,0,GK,"May 11, 1992",31,Belgium,€45.00m
168,Eduardo Camavinga,52,Real Madrid,20," D(L),DMC  ",21(16),2003,1,0.6,38.3,91.2,0.0,1.4,0.1,6.78,0,6,0,0.5,0.6,0,1.0,1.9,0.1,0.8,1.1,1.8,0.5,1.1,0.1,0.5,1.1,0.1,0,M,"Nov 10, 2002",20,France,€85.00m
169,Dani Ceballos,52,Real Madrid,26, M(CL)  ,19(11),1568,4,1.0,48.6,91.7,0.2,2.5,0.1,6.74,0,8,0,0.6,0.1,0,1.3,1.4,0.0,0.9,0.6,1.4,0.8,0.6,0.0,0.2,1.3,0.1,0,M,"Aug 7, 1996",26,Spain,€12.00m
170,Lucas Vázquez,52,Real Madrid,31," D(R),M(R)  ",12(11),1141,1,1.0,34.7,88.7,0.5,0.7,0.0,6.7,4,2,0,0.6,0.0,0,0.6,0.7,0.1,0.3,0.9,1.5,0.3,1.0,0.2,0.4,0.3,0.0,0,D,"Jul 1, 1991",31,Spain,€8.00m
171,Luka Modric,52,Real Madrid,37, M(C)  ,19(14),1746,3,1.3,43.8,90.7,0.4,2.2,0.2,6.65,4,7,0,0.9,0.3,0,0.6,0.5,0.1,0.6,0.9,0.6,0.3,0.6,0.0,0.2,0.5,0.2,0,M,"Sep 9, 1985",37,Croatia,€10.00m
172,David Alaba,52,Real Madrid,31," D(CL),M(CL)  ",21(2),1841,3,0.7,48.2,89.3,0.3,1.0,0.0,6.58,1,3,0,0.6,0.5,0,0.1,0.1,0.0,0.2,0.3,0.7,0.6,0.4,0.3,1.6,0.3,0.4,0,D,"Jun 24, 1992",31,Austria,€40.00m
173,Antonio Rüdiger,52,Real Madrid,30, D(CLR)  ,26(7),2411,0,0.1,48.2,92.1,0.0,1.9,0.1,6.53,1,1,0,0.7,1.1,0,0.1,0.2,0.1,0.1,0.2,0.5,0.6,0.4,0.3,2.1,0.3,0.4,0,D,"Mar 3, 1993",30,Germany,€32.00m
174,Lucas Robertone,1799,Almeria,26, AM(C)  ,34(3),2860,7,1.4,32.7,82.4,1.2,2.2,0.2,6.91,2,7,0,1.0,0.6,2,0.7,2.4,0.1,0.5,1.2,1.4,1.2,0.9,0.1,1.1,1.0,0.2,0,M,"Mar 18, 1997",26,Argentina,€7.00m
175,Adrián Embarba,1799,Almeria,31," AM(CLR),FW  ",18(11),1477,3,1.1,14.5,74.8,1.2,0.8,0.0,6.8,4,3,1,1.7,0.3,3,1.6,1.0,0.3,1.1,1.7,1.7,0.3,0.8,0.0,0.2,0.8,0.0,0,FW,"May 7, 1992",31,Spain,€2.50m
176,El Bilal Touré,1799,Almeria,21, FW  ,15(6),1275,2,0.7,12.0,71.8,0.1,0.0,0.0,6.7,7,0,0,1.4,2.1,2,0.3,0.3,0.6,0.4,2.1,0.2,0.0,1.2,0.0,1.0,0.1,0.0,0,FW,"Oct 3, 2001",21,Mali,€12.00m
177,Luis Suárez,1799,Almeria,25," AM(L),FW  ",18(3),1498,4,0.6,17.6,70.0,0.1,0.5,0.0,6.69,4,4,1,2.0,1.7,1,0.9,1.0,0.2,1.2,2.0,0.8,0.1,1.7,0.0,0.5,1.0,0.1,0,FW,"Dec 2, 1997",25,Colombia,€8.00m
178,Fernando Martínez,1799,Almeria,33, GK  ,37,3286,0,0.0,29.6,65.1,0.0,6.6,0.0,6.66,0,3,0,0.0,0.1,1,0.0,0.2,0.0,0.0,0.0,0.0,0.0,0.0,0.0,0.6,0.1,0.0,0,GK,"Jun 10, 1990",33,Spain,€2.00m
179,Léo Baptistão,1799,Almeria,30," AM(CLR),FW  ",24(4),1746,2,0.6,18.3,67.9,0.2,0.7,0.0,6.61,5,7,0,1.6,1.0,3,0.5,0.8,0.4,0.6,2.0,1.1,0.7,1.1,0.0,0.3,0.7,0.1,0,FW,"Aug 26, 1992",30,Brazil,€1.80m
180,Gonzalo Melero,1799,Almeria,29," M(C),FW  ",24(3),1877,3,0.7,27.7,86.8,0.0,1.4,0.0,6.58,4,5,0,0.9,0.6,0,0.6,1.1,0.1,0.7,1.4,1.2,0.3,0.9,0.0,0.7,1.1,0.1,0,M,"Jan 2, 1994",29,Spain,€4.00m
181,Samú Costa,1799,Almeria,22, DMC  ,22(10),1988,2,0.4,33.7,79.9,0.0,2.5,0.0,6.55,1,5,0,0.6,1.5,2,0.3,1.4,0.1,0.4,1.0,1.9,1.2,1.6,0.2,1.9,1.0,0.2,0,DM,"Nov 27, 2000",22,Portugal,€5.00m
182,Lázaro,1799,Almeria,21," AM(L),FW  ",7(12),711,0,0.6,10.9,80.3,0.1,0.4,0.0,6.55,6,1,0,1.3,0.3,1,0.8,0.6,0.2,0.6,0.9,0.2,0.1,0.4,0.0,0.1,0.6,0.1,0,FW,"Mar 12, 2002",21,Brazil,€6.00m
183,Srdjan Babic,1799,Almeria,27, D(C)  ,33(1),2999,0,0.2,40.0,85.8,0.0,2.4,0.0,6.53,3,5,0,0.3,2.1,0,0.1,0.3,0.1,0.1,0.3,0.8,0.9,0.7,1.2,3.6,0.5,0.6,0,D,"Apr 22, 1996",27,Serbia,€3.50m
184,Rodrigo Ely,1799,Almeria,29, D(C)  ,36,3158,1,0.2,40.7,81.5,0.0,3.1,0.1,6.52,0,8,1,0.5,2.2,0,0.1,0.4,0.1,0.1,0.4,0.8,0.9,0.7,1.1,5.6,0.2,0.9,1,D,"Nov 3, 1993",29,Brazil,€3.00m
185,Alejandro Pozo,1799,Almeria,24," D(R),M(R)  ",20(10),1878,3,0.8,28.5,73.0,0.6,1.7,0.0,6.48,0,2,0,0.3,0.4,0,0.4,0.5,0.0,0.3,0.9,1.2,0.9,0.5,0.2,1.1,0.9,0.2,0,D,"Feb 22, 1999",24,Spain,€3.00m
186,Sergio Akieme,1799,Almeria,25, D(L)  ,27(2),2300,0,0.7,26.9,80.6,0.7,1.2,0.0,6.42,1,5,0,0.8,0.5,1,0.9,0.6,0.0,0.9,1.0,0.9,0.5,0.7,0.5,1.3,0.3,0.2,0,D,"Dec 16, 1997",25,Spain,€7.50m
187,César de la Hoz,1799,Almeria,31, DMC  ,18(7),1672,0,0.2,21.9,79.0,0.1,1.5,0.0,6.4,1,6,0,0.3,1.0,1,0.2,0.5,0.0,0.2,0.5,1.5,0.5,0.8,0.1,1.4,0.7,0.2,0,M,"Mar 30, 1992",31,Spain,€1.20m
188,Chumi,1799,Almeria,24, D(CR)  ,15(6),1486,0,0.1,34.3,82.4,0.1,1.6,0.0,6.34,1,5,0,0.1,0.5,0,0.3,0.1,0.0,0.4,0.5,1.4,0.7,0.5,0.9,2.2,0.4,0.3,0,D,"Mar 2, 1999",24,Spain,€2.00m
189,Largie Ramazani,1799,Almeria,22," AM(L),FW  ",13(20),1395,1,0.4,7.8,71.0,0.1,0.4,0.0,6.32,3,6,0,1.2,0.2,0,1.0,0.5,0.4,0.7,1.2,0.5,0.5,0.9,0.0,0.2,0.6,0.0,0,FW,"Feb 27, 2001",22,Belgium,€6.00m
190,Dyego Sousa,1799,Almeria,33, FW  ,3(17),516,1,0.5,7.9,68.2,0.0,0.1,0.1,6.28,0,1,0,0.7,1.4,0,0.3,0.6,0.2,0.6,1.4,0.5,0.1,0.5,0.0,0.7,0.1,0.1,0,FW,"Sep 14, 1989",33,Portugal,€800k
191,Francisco Portillo,1799,Almeria,33, M(CLR)  ,4(23),706,1,0.5,16.1,81.0,0.1,0.5,0.1,6.27,2,1,0,0.2,0.2,0,0.3,0.1,0.1,0.3,0.4,0.5,0.3,0.1,0.0,0.3,0.5,0.0,0,FW,"Jun 13, 1990",33,Spain,€1.50m
192,Arnau Puigmal,1799,Almeria,22, AM(R)  ,7(15),761,0,0.4,10.5,72.7,0.2,0.1,0.0,6.24,1,4,0,0.8,0.1,0,0.5,0.7,0.1,0.4,1.3,1.0,0.5,0.5,0.0,0.2,0.2,0.0,0,M,"Jan 10, 2001",22,Spain,€2.00m
193,Guido Rodríguez,54,Real Betis,29, DMC  ,33(1),2878,0,0.3,49.1,87.4,0.0,2.6,0.1,6.98,1,8,0,0.6,1.3,3,0.6,1.9,0.0,0.6,0.5,3.4,1.2,1.3,0.0,2.0,1.4,0.4,1,DM,"Apr 12, 1994",29,Argentina,€28.00m
194,Ayoze Pérez,54,Real Betis,29," AM(CLR),FW  ",17(2),1395,1,0.7,19.7,81.0,0.0,0.2,0.1,6.87,3,3,0,1.8,0.4,1,2.2,1.5,0.1,1.4,2.1,1.6,0.7,1.7,0.0,0.2,1.6,0.0,0,FW,"Jul 29, 1993",29,Spain,€6.00m
195,Juan Miranda,54,Real Betis,23, D(L)  ,16(5),1475,2,1.0,29.8,76.8,0.7,1.3,0.1,6.81,3,1,1,1.0,1.0,2,0.4,1.0,0.0,0.4,0.8,1.1,1.0,0.7,0.5,2.4,0.7,0.3,0,D,"Jan 19, 2000",23,Spain,€7.00m
196,Youssouf Sabaly,54,Real Betis,30," D(LR),M(R)  ",19(4),1681,1,0.5,33.5,83.1,0.0,0.7,0.0,6.78,1,2,0,0.5,0.2,0,0.8,1.4,0.1,1.1,1.1,2.0,0.8,0.9,0.4,2.0,0.5,0.3,0,D,"Mar 5, 1993",30,Senegal,€5.00m
197,Germán Pezzella,54,Real Betis,31, D(C)  ,29(2),2515,0,0.1,42.0,86.4,0.0,2.2,0.0,6.74,0,4,3,0.3,2.4,2,0.1,0.5,0.0,0.0,0.4,1.3,1.6,0.9,0.4,4.2,0.4,0.5,0,D,"Jun 27, 1991",32,Argentina,€5.00m
198,William Carvalho,54,Real Betis,31, M(C)  ,31(2),2454,0,0.7,52.5,86.9,0.1,2.7,0.1,6.72,3,6,1,0.8,1.0,2,0.9,1.2,0.1,0.8,0.7,1.3,0.5,0.9,0.1,0.6,0.8,0.2,0,DM,"Apr 7, 1992",31,Portugal,€14.00m
199,Sergio Canales,54,Real Betis,32, M(CLR)  ,28(3),2417,3,1.8,42.5,81.8,1.0,2.1,0.3,6.72,4,2,2,1.3,0.4,1,0.9,1.0,0.1,1.3,1.8,0.8,0.5,0.3,0.0,0.2,0.6,0.0,0,AM,"Feb 16, 1991",32,Spain,€15.00m
200,Rui Silva,54,Real Betis,29, GK  ,26,2340,0,0.0,29.8,63.4,0.0,7.8,0.0,6.7,0,2,0,0.0,0.3,1,0.0,0.1,0.0,0.0,0.0,0.2,0.0,0.0,0.0,0.6,0.0,0.0,0,GK,"Feb 7, 1994",29,Portugal,€15.00m
201,Aitor Ruibal,54,Real Betis,27," D(R),M(LR)  ",15(11),1451,0,0.6,26.0,78.3,0.2,1.3,0.0,6.68,0,4,1,0.6,0.6,2,1.3,0.7,0.1,0.5,0.9,1.8,0.9,0.8,0.2,1.2,1.0,0.1,0,FW,"Mar 22, 1996",27,Spain,€5.00m
202,Luiz Felipe,54,Real Betis,26, D(C)  ,22(1),1769,0,0.1,38.1,85.5,0.0,1.5,0.0,6.65,0,3,3,0.1,1.3,0,0.2,0.4,0.0,0.0,0.4,1.5,1.2,0.4,0.7,4.3,0.7,1.0,0,D,"Mar 22, 1997",26,Italy,€15.00m
203,Luiz Henrique,54,Real Betis,22, AM(LR)  ,21(12),1816,3,0.5,15.8,76.3,0.3,0.3,0.0,6.64,1,6,0,1.3,0.8,2,1.7,1.2,0.2,1.8,1.8,1.5,0.4,0.8,0.0,0.4,0.7,0.0,0,FW,"Jan 2, 2001",22,Brazil,€15.00m
204,Borja Iglesias,54,Real Betis,30, FW  ,29(6),2385,3,0.6,14.8,76.0,0.0,0.4,0.1,6.63,15,2,1,1.8,0.7,2,0.3,1.5,0.6,1.1,2.3,0.2,0.0,1.1,0.0,0.5,0.3,0.0,0,FW,"Jan 17, 1993",30,Spain,€20.00m
205,Edgar González,54,Real Betis,26," D(C),DMC  ",18(7),1770,0,0.1,35.6,89.1,0.0,1.4,0.0,6.58,0,4,2,0.4,2.0,0,0.1,0.5,0.0,0.0,0.2,1.1,0.8,0.9,1.0,4.8,0.5,0.4,0,D,"Apr 1, 1997",26,Spain,€9.00m
206,Andrés Guardado,54,Real Betis,36," D(L),M(CL)  ",16(10),1376,1,0.5,32.7,85.2,0.2,2.6,0.1,6.51,1,7,0,0.3,0.7,0,0.2,0.4,0.0,0.2,0.7,1.6,0.9,0.6,0.0,0.8,1.0,0.2,0,M,"Sep 28, 1986",36,Mexico,€1.50m
207,Juan Cruz,131,Osasuna,30, D(CL)  ,21(6),2058,0,0.6,28.7,80.5,0.4,1.1,0.0,6.36,0,7,0,0.1,0.7,0,0.2,0.3,0.0,0.1,0.6,0.9,0.5,0.6,0.4,2.0,0.4,0.3,0,FW,"Apr 25, 2000",23,Spain,€1.50m
208,Juanmi,54,Real Betis,30," AM(CLR),FW  ",9(13),922,0,0.2,10.9,84.6,0.0,0.3,0.0,6.33,4,3,0,0.8,0.4,1,0.5,1.0,0.7,0.6,1.0,0.6,0.2,0.7,0.0,0.1,1.1,0.0,0,FW,"May 20, 1993",30,Spain,€12.00m
209,Joaquín,54,Real Betis,41," M(CLR),FW  ",2(20),471,2,1.0,13.1,85.1,0.4,0.2,0.1,6.31,0,2,0,0.4,0.0,0,0.5,0.4,0.0,0.3,0.6,0.1,0.2,0.0,0.0,0.2,0.1,0.1,0,FW,"Jul 21, 1981",41,Spain,€1.50m
210,Willian José,54,Real Betis,31, FW  ,6(22),715,1,0.3,9.4,78.6,0.0,0.2,0.0,6.21,2,1,0,0.8,0.6,0,0.1,0.2,0.1,0.4,0.6,0.3,0.0,0.3,0.0,0.5,0.2,0.0,0,FW,"Nov 23, 1991",31,Brazil,€6.00m
211,Javi Galán,62,Celta Vigo,28," D(L),M(L)  ",36(1),3163,3,1.4,41.1,80.7,1.1,2.2,0.0,6.98,0,6,0,0.4,0.9,5,1.9,2.0,0.2,1.1,1.7,2.8,1.1,1.4,0.2,1.5,1.4,0.1,0,D,"Nov 19, 1994",28,Spain,€12.00m
212,Iago Aspas,62,Celta Vigo,35," AM(CR),FW  ",31(6),2868,3,2.2,31.5,79.0,0.2,1.6,0.2,6.91,12,5,0,2.1,0.8,2,0.6,1.6,0.3,1.2,1.4,0.2,0.2,0.4,0.0,0.6,0.5,0.0,0,FW,"Aug 1, 1987",35,Spain,€6.00m
213,Gabri Veiga,62,Celta Vigo,21, AM(C)  ,28(8),2308,4,0.8,19.5,76.9,0.1,0.9,0.1,6.82,11,6,1,1.7,0.5,3,1.1,1.1,0.1,0.6,1.8,1.2,0.6,1.2,0.0,0.1,1.0,0.1,0,M,"May 27, 2002",21,Spain,€30.00m
214,Unai Núñez,62,Celta Vigo,26, D(C)  ,35(1),3151,0,0.1,55.9,86.4,0.0,3.6,0.0,6.74,0,8,0,0.4,2.0,1,0.3,0.9,0.0,0.1,0.5,1.3,2.0,0.7,0.6,3.7,0.4,0.5,1,D,"Jan 30, 1997",26,Spain,€6.00m
215,Joseph Aidoo,62,Celta Vigo,27, D(C)  ,35,3121,0,0.1,50.0,86.6,0.0,2.3,0.0,6.65,3,4,1,0.4,1.8,2,0.2,0.5,0.0,0.3,0.3,1.5,0.9,0.5,0.7,4.1,0.3,0.4,0,D,"Sep 29, 1995",27,Ghana,€8.00m
216,Hugo Mallo,62,Celta Vigo,32," D(CR),M(R)  ",26,2171,1,0.8,44.4,79.3,0.4,2.0,0.0,6.64,0,5,1,0.7,2.0,1,0.2,0.9,0.2,0.3,0.7,2.0,0.9,1.7,0.1,2.5,0.5,0.3,0,D,"Jun 22, 1991",32,Spain,€3.00m
217,Carles Pérez,62,Celta Vigo,25," AM(CR),FW  ",23(12),2150,5,0.7,18.5,86.1,0.1,0.7,0.1,6.6,3,4,0,1.5,0.2,2,1.3,1.1,0.3,0.8,1.6,1.1,0.2,1.0,0.0,0.2,1.3,0.1,0,FW,"Feb 16, 1998",25,Spain,€5.00m
218,Franco Cervi,62,Celta Vigo,29, M(CL)  ,21(15),1898,4,0.8,19.8,77.6,0.7,0.5,0.0,6.57,0,2,1,0.6,0.3,0,0.6,1.2,0.1,0.4,0.8,2.1,1.0,0.8,0.0,0.4,0.9,0.0,0,FW,"May 26, 1994",29,Argentina,€3.00m
219,Agustín Marchesín,62,Celta Vigo,35, GK  ,19,1710,0,0.0,29.3,67.4,0.0,6.6,0.0,6.52,0,3,0,0.0,0.2,0,0.0,0.2,0.0,0.0,0.0,0.0,0.0,0.0,0.0,0.6,0.1,0.0,0,GK,"Mar 16, 1988",35,Argentina,€2.00m
220,Fran Beltrán,62,Celta Vigo,24, DMC  ,33(3),2864,2,0.7,48.8,90.1,0.4,2.7,0.0,6.49,0,4,0,0.7,0.5,0,0.4,0.4,0.1,0.5,0.7,0.9,1.5,0.7,0.0,0.9,1.1,0.1,0,M,"Feb 3, 1999",24,Spain,€15.00m
221,Óscar Rodríguez,62,Celta Vigo,24, AM(CLR)  ,19(14),1772,0,0.7,29.4,84.3,0.5,1.4,0.1,6.48,2,6,0,1.3,0.3,0,0.3,0.8,0.1,0.5,0.7,1.0,0.7,0.7,0.0,0.4,0.5,0.1,0,AM,"Jun 28, 1998",25,Spain,€8.00m
222,Jørgen Strand Larsen,62,Celta Vigo,23, FW  ,20(12),1713,4,0.4,10.4,69.4,0.0,0.3,0.0,6.48,4,4,0,1.3,1.3,1,0.4,1.3,0.4,0.8,2.3,0.5,0.1,1.1,0.0,0.8,0.7,0.2,0,FW,"Feb 6, 2000",23,Norway,€11.00m
223,Óscar Mingueza,62,Celta Vigo,24, D(CR)  ,13(8),1285,0,0.5,35.6,83.3,0.3,2.0,0.1,6.46,0,2,0,0.2,0.4,0,0.7,0.4,0.0,0.5,0.9,1.8,0.6,0.9,0.2,1.0,0.3,0.2,0,D,"May 13, 1999",24,Spain,€2.50m
224,Iván Villar,62,Celta Vigo,25, GK  ,19,1710,0,0.1,26.1,64.1,0.0,4.9,0.0,6.42,0,0,0,0.0,0.1,0,0.0,0.1,0.0,0.0,0.0,0.0,0.0,0.0,0.0,0.8,0.1,0.0,0,GK,"Jul 9, 1997",25,Spain,€2.00m
225,Renato Tapia,62,Celta Vigo,27," D(C),DMC  ",16(12),1450,0,0.3,28.3,86.0,0.1,2.8,0.0,6.38,0,6,1,0.5,0.9,0,0.4,0.6,0.0,0.5,0.4,1.7,0.7,1.0,0.1,1.2,0.7,0.4,0,DM,"Jul 28, 1995",27,Peru,€6.00m
226,Luca de la Torre,62,Celta Vigo,25, M(CL)  ,16(12),1489,2,0.5,20.8,86.6,0.1,0.4,0.0,6.32,0,6,0,0.6,0.2,0,0.4,0.4,0.1,0.4,1.1,1.0,0.3,1.2,0.0,0.2,0.7,0.0,0,M,"May 23, 1998",25,United States,€3.00m
227,Gonçalo Paciência,62,Celta Vigo,28, FW  ,5(20),650,0,0.2,6.4,59.4,0.1,0.4,0.0,6.23,2,2,1,1.2,1.2,1,0.2,0.7,0.0,0.6,1.7,0.3,0.0,0.8,0.0,0.2,0.2,0.0,0,FW,"Aug 1, 1994",28,Portugal,€2.00m
228,Lucas Boyé,833,Elche,27," AM(L),FW  ",29(6),2475,2,0.8,18.0,79.7,0.2,0.5,0.1,6.79,7,7,1,2.1,1.4,4,2.2,1.3,0.4,2.4,4.0,1.0,0.4,1.7,0.0,1.3,0.5,0.1,0,FW,"Feb 28, 1996",27,Argentina,€10.00m
229,Edgar Badia,833,Elche,31, GK  ,36,3240,0,0.0,25.1,69.5,0.0,6.6,0.0,6.73,0,2,0,0.0,0.3,2,0.0,0.2,0.0,0.0,0.1,0.0,0.0,0.0,0.0,1.1,0.0,0.0,0,GK,"Feb 12, 1992",31,Spain,€3.00m
230,Omar Mascarell,833,Elche,30," D(C),DMC  ",28,2450,1,0.7,44.3,86.8,0.4,3.5,0.0,6.67,0,6,0,0.3,1.0,0,0.8,0.6,0.0,0.4,0.5,1.9,1.6,0.8,0.1,1.9,1.2,0.7,0,DM,"Feb 2, 1993",30,Spain,€3.00m
231,Tete Morente,833,Elche,26, M(CLR)  ,23(9),2073,0,0.5,19.7,80.8,0.3,1.1,0.0,6.58,4,5,0,1.4,1.1,1,1.0,0.7,0.4,0.7,1.3,1.0,0.8,1.0,0.1,0.8,0.7,0.1,0,FW,"Dec 4, 1996",26,Spain,€2.50m
232,Josan,833,Elche,33," D(R),M(R)  ",9(17),1070,3,0.6,15.8,84.7,0.4,0.6,0.0,6.43,1,3,0,0.2,0.2,0,0.8,0.7,0.2,0.8,1.0,1.0,0.3,0.4,0.1,0.5,0.5,0.0,0,FW,"Dec 3, 1989",33,Spain,€1.00m
233,Pere Milla,833,Elche,30," AM(CLR),FW  ",22(10),1875,1,0.4,17.6,71.6,0.1,0.8,0.1,6.42,6,7,0,1.1,0.9,2,0.5,1.4,0.4,0.7,1.5,1.0,0.3,0.6,0.0,0.5,0.8,0.1,0,FW,"Sep 23, 1992",30,Spain,€3.00m
234,Pedro Bigas,833,Elche,33, D(CL)  ,25(3),2027,0,0.0,36.6,80.9,0.0,2.5,0.0,6.4,0,3,2,0.8,1.5,0,0.2,0.6,0.0,0.1,0.5,1.3,1.2,0.6,0.7,3.3,0.4,0.5,0,D,"May 15, 1990",33,Spain,€1.00m
235,Fidel,833,Elche,33, M(CLR)  ,21(6),1730,2,1.0,30.6,74.3,0.5,1.6,0.1,6.4,3,6,0,0.5,0.1,0,1.2,0.7,0.3,0.9,1.5,0.6,0.2,0.4,0.0,0.3,1.3,0.0,0,FW,"Oct 27, 1989",33,Spain,€1.00m
236,Helibelton Palacios,833,Elche,30, D(CR)  ,23(1),1922,0,0.3,28.0,77.1,0.2,1.0,0.0,6.37,0,7,0,0.2,0.9,0,0.6,0.8,0.0,0.3,0.4,1.6,0.8,1.3,0.4,2.1,0.3,0.5,0,D,"Jun 11, 1993",30,Colombia,€1.20m
237,Enzo Roco,833,Elche,30, D(C)  ,19(3),1657,0,0.0,32.2,82.2,0.0,2.7,0.0,6.27,0,4,1,0.5,2.1,0,0.1,0.5,0.0,0.0,0.3,1.5,0.8,1.5,0.7,2.8,0.4,0.7,0,D,"Aug 16, 1992",30,Chile,€1.50m
238,Ezequiel Ponce,833,Elche,26," AM(L),FW  ",8(26),1115,0,0.3,8.4,75.6,0.0,0.2,0.0,6.19,4,2,1,0.9,1.0,0,0.1,0.3,0.2,0.9,0.9,0.3,0.0,0.9,0.0,0.4,0.2,0.0,0,FW,"Mar 29, 1997",26,Argentina,€2.50m
239,Raúl Guti,833,Elche,26, DMC  ,12(16),1084,0,0.1,14.2,81.9,0.0,0.6,0.0,6.13,0,1,0,0.7,0.2,0,0.2,0.8,0.0,0.6,0.5,0.6,0.3,0.3,0.0,0.2,0.4,0.1,0,M,"Dec 30, 1996",26,Spain,€2.50m
240,Isi Palazón,64,Rayo Vallecano,28, AM(R)  ,36(1),2990,5,1.8,31.4,78.9,1.5,1.4,0.1,7.05,9,4,0,2.5,0.8,3,1.4,2.8,0.2,1.8,2.1,1.2,0.5,1.0,0.0,0.7,1.1,0.1,0,FW,"Dec 27, 1994",28,Spain,€12.00m
241,Álvaro García,64,Rayo Vallecano,30, AM(L)  ,34(1),2890,5,1.4,23.3,71.6,0.9,0.6,0.0,6.82,5,7,0,1.5,0.3,4,0.6,0.9,0.3,0.5,1.5,1.4,1.0,1.0,0.0,0.5,0.6,0.1,0,FW,"Oct 27, 1992",30,Spain,€6.00m
242,Santi Comesaña,64,Rayo Vallecano,26, M(C)  ,29(6),2470,2,1.2,34.8,83.8,0.1,1.7,0.0,6.77,3,6,0,0.7,0.9,1,1.0,0.8,0.1,1.0,1.1,2.0,0.9,1.4,0.0,0.4,1.3,0.1,0,M,"Oct 5, 1996",26,Spain,€7.50m
243,Fran García,64,Rayo Vallecano,23, D(L)  ,38,3409,3,0.8,40.9,81.5,0.9,1.5,0.0,6.72,2,1,0,0.8,0.2,0,0.8,0.7,0.1,0.3,1.2,2.2,1.2,0.6,0.2,1.3,1.1,0.2,0,D,"Aug 14, 1999",23,Spain,€12.00m
244,Óscar Trejo,64,Rayo Vallecano,35," M(CLR),FW  ",28(6),2164,4,1.3,28.2,83.0,0.1,0.5,0.1,6.64,3,9,0,0.7,0.3,1,1.7,1.9,0.1,2.7,1.9,1.4,0.2,2.3,0.0,0.2,1.0,0.1,0,AM,"Apr 26, 1988",35,Argentina,€3.00m
245,Alejandro Catena,64,Rayo Vallecano,28, D(C)  ,35,3105,1,0.2,51.8,82.9,0.0,6.9,0.0,6.61,1,12,1,0.4,2.3,0,0.1,0.4,0.1,0.2,0.3,0.8,0.8,0.9,0.7,4.5,0.4,0.7,0,D,"Oct 28, 1994",28,Spain,€8.00m
246,Óscar Valentín,64,Rayo Vallecano,28, DMC  ,29(5),2564,0,0.6,34.3,81.9,0.0,2.1,0.0,6.59,0,11,0,0.4,0.8,0,0.2,1.5,0.0,0.4,0.6,2.7,1.3,2.2,0.2,0.8,2.2,0.3,0,M,"Aug 20, 1994",28,Spain,€5.00m
247,Florian Lejeune,64,Rayo Vallecano,32, D(C)  ,31,2570,0,0.3,45.0,79.1,0.0,4.6,0.0,6.57,4,4,3,1.3,1.9,1,0.1,0.3,0.2,0.0,0.2,0.9,0.5,0.7,0.5,3.8,0.3,0.5,1,D,"May 20, 1991",32,France,€4.00m
248,Sergio Camello,64,Rayo Vallecano,22, FW  ,27(11),2412,5,0.7,13.5,78.6,0.0,0.3,0.0,6.54,6,2,0,2.0,0.7,1,0.5,0.5,0.3,0.9,1.9,0.4,0.1,0.3,0.0,0.7,0.3,0.0,0,FW,"Feb 10, 2001",22,Spain,€10.00m
249,Raúl de Tomás,64,Rayo Vallecano,28, FW  ,9(10),804,0,0.5,7.7,76.7,0.1,0.5,0.1,6.44,4,2,0,2.3,0.6,0,0.9,1.2,1.1,1.0,1.5,0.2,0.0,1.1,0.0,0.3,0.2,0.0,0,FW,"Oct 17, 1994",28,Spain,€8.00m
250,Stole Dimitrievski,64,Rayo Vallecano,29, GK  ,37,3325,0,0.0,24.8,53.7,0.0,4.3,0.0,6.44,0,4,0,0.0,0.2,3,0.0,0.1,0.0,0.0,0.0,0.0,0.0,0.0,0.0,0.8,0.0,0.0,0,GK,"Dec 25, 1993",29,North Macedonia,€4.00m
251,Iván Balliu,64,Rayo Vallecano,31," D(R),M(R)  ",37,3237,0,0.9,35.8,79.8,0.6,1.4,0.0,6.44,0,6,0,0.2,0.8,0,0.3,0.9,0.2,0.2,0.6,1.4,0.7,1.1,0.4,1.8,0.3,0.1,2,D,"Jan 1, 1992",31,Albania,€4.00m
252,Unai López,64,Rayo Vallecano,27, M(CR)  ,12(22),1244,2,0.6,25.3,84.5,0.4,2.3,0.0,6.35,1,2,0,0.8,0.2,1,0.4,0.5,0.1,0.6,0.8,0.9,0.4,0.6,0.0,0.2,0.7,0.0,0,M,"Oct 30, 1995",27,Spain,€3.50m
253,Pathé Ciss,64,Rayo Vallecano,29, DMC  ,12(20),1268,0,0.2,21.7,82.8,0.0,1.5,0.0,6.35,1,4,0,0.6,1.1,1,0.2,0.4,0.0,0.4,0.4,1.2,0.7,1.2,0.0,1.1,0.6,0.3,1,M,"Mar 16, 1994",29,Senegal,€3.00m
254,Radamel Falcao,64,Rayo Vallecano,37, FW  ,3(24),598,0,0.1,6.1,74.1,0.0,0.1,0.0,6.1,2,4,0,0.8,0.9,0,0.1,0.5,0.4,0.3,1.1,0.1,0.1,0.6,0.0,0.4,0.3,0.0,0,FW,"Feb 10, 1986",37,Colombia,€2.00m
255,Salvi Sánchez,64,Rayo Vallecano,32, AM(R)  ,4(20),475,0,0.3,6.3,65.8,0.3,0.2,0.0,6.09,0,2,0,0.4,0.2,0,0.1,0.4,0.1,0.3,0.4,0.5,0.1,0.3,0.0,0.0,0.3,0.0,0,FW,"Mar 30, 1991",32,Spain,€1.50m
256,Robert Lewandowski,65,Barcelona,34, FW  ,33(1),2852,7,1.1,22.4,78.1,0.2,0.7,0.2,7.49,23,2,1,4.0,1.5,7,0.9,1.4,0.6,1.5,2.8,0.5,0.1,1.1,0.1,0.4,0.2,0.0,0,FW,"Aug 21, 1988",34,Poland,€30.00m
257,Pedri,65,Barcelona,20, AM(CL)  ,22(4),1983,1,1.7,54.1,87.6,0.3,4.3,0.4,7.2,6,2,0,0.8,0.1,4,1.4,1.7,0.2,1.2,1.2,1.5,0.5,0.3,0.0,0.3,1.2,0.0,0,M,"Nov 25, 2002",20,Spain,€100.00m
258,Frenkie de Jong,65,Barcelona,26," D(C),DMC  ",29(4),2539,4,1.4,68.4,91.4,0.3,3.0,0.4,7.15,2,3,0,0.5,1.0,4,1.1,1.0,0.0,0.7,0.7,1.4,1.1,1.0,0.1,0.6,0.7,0.0,0,M,"May 12, 1997",26,Netherlands,€75.00m
259,Ousmane Dembélé,65,Barcelona,26," AM(CLR),FW  ",16(9),1416,7,1.6,29.4,83.4,0.9,0.9,0.2,7.14,5,4,0,2.0,0.2,3,2.1,0.8,0.2,0.7,1.1,0.8,0.0,0.6,0.0,0.0,0.4,0.0,0,FW,"May 15, 1997",26,France,€60.00m
260,Raphinha,65,Barcelona,26," AM(LR),FW  ",25(11),2087,7,1.6,29.0,79.9,1.2,1.7,0.2,7.04,7,8,0,2.2,0.4,6,1.3,1.0,0.4,0.7,1.5,0.8,0.4,0.6,0.0,0.3,0.6,0.0,0,FW,"Dec 14, 1996",26,Brazil,€60.00m
261,Sergio Busquets,65,Barcelona,34, DMC  ,28(2),2347,4,0.8,64.5,88.7,0.1,3.8,0.3,6.99,0,6,1,0.3,1.8,0,0.4,1.3,0.0,0.4,0.6,1.9,0.9,1.0,0.0,1.0,0.7,0.2,0,DM,"Jul 16, 1988",34,Spain,€5.00m
262,Jules Koundé,65,Barcelona,24, D(CR)  ,28(1),2429,3,0.6,63.9,88.8,0.2,2.1,0.1,6.97,1,2,0,0.5,1.5,1,0.5,0.4,0.1,0.6,0.8,1.3,0.7,0.8,0.5,1.9,0.3,0.3,1,D,"Nov 12, 1998",24,France,€60.00m
263,Alejandro Balde,65,Barcelona,19, D(LR)  ,30(3),2477,6,0.7,42.7,91.1,0.7,1.1,0.0,6.9,1,4,0,0.6,0.6,1,1.5,0.9,0.2,0.7,1.2,1.3,0.4,0.8,0.3,0.4,0.5,0.1,0,D,"Oct 18, 2003",19,Spain,€50.00m
264,Marc-André ter Stegen,65,Barcelona,31, GK  ,38,3349,0,0.1,32.3,82.4,0.0,6.9,0.0,6.86,0,0,0,0.0,0.2,0,0.0,0.1,0.0,0.0,0.0,0.0,0.0,0.0,0.0,0.6,0.0,0.0,0,GK,"Apr 30, 1992",31,Germany,€35.00m
265,Gavi,65,Barcelona,18, AM(CL)  ,30(6),2543,4,1.1,32.1,87.5,0.2,0.9,0.1,6.84,2,10,0,0.8,1.1,0,0.8,2.0,0.3,0.9,1.6,1.3,0.5,2.1,0.1,0.6,0.9,0.1,0,M,"Aug 5, 2004",18,Spain,€90.00m
266,Jordi Alba,65,Barcelona,34," D(L),M(L)  ",14(10),1423,3,1.6,51.1,86.6,1.0,2.1,0.1,6.82,2,4,1,0.5,0.3,1,0.2,0.2,0.4,0.3,0.3,1.0,0.5,0.5,0.2,0.6,0.7,0.2,0,D,"Mar 21, 1989",34,Spain,€5.00m
267,Andreas Christensen,65,Barcelona,27," D(C),DMC  ",22(1),1767,1,0.3,65.0,94.0,0.0,2.8,0.0,6.82,1,2,0,0.4,1.8,0,0.0,0.3,0.0,0.0,0.4,0.9,0.9,0.8,0.8,2.0,0.3,0.5,1,D,"Apr 10, 1996",27,Denmark,€40.00m
268,Sergi Roberto,65,Barcelona,31," D(R),M(CR)  ",15(8),1309,1,0.4,36.2,92.8,0.3,1.1,0.0,6.65,4,3,0,0.8,0.3,0,0.2,0.5,0.1,0.1,0.4,1.0,0.5,0.8,0.1,0.6,0.5,0.3,0,M,"Feb 7, 1992",31,Spain,€5.00m
269,Eric García,65,Barcelona,22, D(C)  ,15(9),1414,0,0.0,51.6,91.0,0.0,3.4,0.0,6.62,1,3,0,0.3,1.0,0,0.1,0.3,0.0,0.1,0.4,1.0,0.8,0.8,0.8,1.4,0.5,0.4,0,D,"Jan 9, 2001",22,Spain,€10.00m
270,Dani Rodríguez,51,Mallorca,35, AM(CLR)  ,26(9),2115,6,0.7,18.5,82.0,0.2,1.1,0.1,6.6,3,8,0,0.7,0.3,2,0.8,0.9,0.1,1.1,1.3,1.2,0.6,1.4,0.0,0.3,0.7,0.2,0,FW,"Aug 9, 2005",17,Spain,-
271,Ansu Fati,65,Barcelona,20," AM(L),FW  ",12(24),1382,3,0.4,16.4,84.8,0.1,0.3,0.0,6.55,7,3,0,1.7,0.2,0,0.6,0.4,0.3,0.8,1.0,0.4,0.1,0.5,0.0,0.1,0.4,0.0,0,FW,"Oct 31, 2002",20,Spain,€35.00m
272,Marcos Alonso,65,Barcelona,32," D(CL),M(L)  ",11(13),1163,0,0.3,40.2,90.9,0.3,2.1,0.0,6.53,1,3,0,0.3,1.1,0,0.1,0.3,0.0,0.0,0.3,0.6,0.5,0.4,0.7,1.3,0.1,0.4,0,D,"Dec 28, 1990",32,Spain,€5.00m
273,Ferran Torres,65,Barcelona,23," AM(LR),FW  ",14(19),1385,2,0.8,15.3,81.2,0.5,0.5,0.0,6.48,4,5,1,1.2,0.3,1,0.9,0.8,0.2,0.7,1.5,0.4,0.1,0.5,0.1,0.1,0.5,0.1,0,FW,"Feb 29, 2000",23,Spain,€30.00m
274,Franck Kessié,65,Barcelona,26, M(C)  ,7(21),980,1,0.3,15.9,86.8,0.0,0.5,0.0,6.3,1,4,0,0.5,0.3,0,0.3,0.6,0.1,0.4,0.8,0.5,0.4,0.6,0.1,0.4,0.4,0.1,0,M,"Dec 19, 1996",26,Cote d'Ivoire,€25.00m
275,Enes Ünal,819,Getafe,26, FW  ,35,2986,3,0.8,20.7,60.9,0.1,0.2,0.1,7.07,14,6,0,2.5,4.6,5,0.6,2.2,0.8,1.4,2.5,0.7,0.2,1.7,0.1,1.0,0.5,0.1,0,FW,"May 10, 1997",26,Türkiye,€25.00m
276,David Soria,819,Getafe,30, GK  ,38,3420,0,0.1,27.1,49.7,0.0,11.1,0.0,6.84,0,3,0,0.0,0.1,6,0.0,0.1,0.0,0.0,0.0,0.0,0.0,0.0,0.0,0.9,0.0,0.0,0,GK,"Apr 4, 1993",30,Spain,€8.00m
277,Omar Alderete,819,Getafe,26, D(C)  ,23(2),2051,1,0.2,34.0,59.1,0.0,3.4,0.0,6.74,1,9,0,0.7,2.5,2,0.7,0.4,0.0,0.3,0.6,1.4,1.0,1.4,0.5,3.3,0.5,0.6,0,D,"Dec 26, 1996",26,Paraguay,€4.00m
278,Luis Milla,819,Getafe,28, DMC  ,22(5),1862,3,1.1,33.1,82.1,0.9,2.5,0.0,6.63,0,4,1,0.3,0.6,0,0.4,0.8,0.0,0.4,0.7,1.8,1.2,1.1,0.0,0.9,0.9,0.0,0,M,"Oct 7, 1994",28,Spain,€4.00m
279,Nemanja Maksimovic,819,Getafe,28, M(C)  ,26(3),2069,0,0.3,19.1,78.7,0.1,0.6,0.0,6.55,0,3,0,0.6,1.6,0,0.1,0.3,0.0,0.2,0.6,1.4,1.2,0.9,0.0,0.9,0.4,0.5,0,M,"Jan 26, 1995",28,Serbia,€6.00m
280,Damián Suárez,819,Getafe,35," D(R),M(R)  ",26(2),1961,1,0.9,24.2,67.0,0.7,1.7,0.0,6.54,1,7,0,0.2,0.5,0,0.5,0.6,0.1,0.2,0.8,1.8,0.5,1.5,0.3,1.1,0.8,0.0,0,D,"Apr 27, 1988",35,Uruguay,€1.00m
281,Juan Iglesias,819,Getafe,24," D(LR),M(R)  ",21(11),2144,0,0.4,18.9,61.4,0.6,1.1,0.0,6.51,1,8,0,0.7,0.5,0,0.4,0.7,0.1,0.3,0.9,1.9,0.7,1.4,0.2,2.2,1.0,0.2,0,D,"Jul 3, 1998",24,Spain,€3.50m
282,Domingos Duarte,819,Getafe,28, D(C)  ,30(1),2658,2,0.1,30.9,77.1,0.0,2.7,0.0,6.5,0,9,1,0.5,1.5,1,0.2,0.7,0.1,0.1,0.2,0.8,1.3,1.0,0.6,4.5,0.2,0.7,1,D,"Mar 10, 1995",28,Portugal,€5.00m
283,Borja Mayoral,819,Getafe,26," AM(R),FW  ",33(2),2775,2,0.6,21.0,78.1,0.2,1.0,0.0,6.5,8,4,0,1.5,1.0,2,0.8,1.1,0.3,1.5,1.8,0.3,0.1,0.5,0.0,0.2,0.7,0.0,0,FW,"Apr 5, 1997",26,Spain,€9.00m
284,Gastón Álvarez,819,Getafe,23, D(L)  ,16(6),1504,0,0.2,18.8,62.6,0.2,0.6,0.0,6.5,2,8,1,0.2,1.4,0,0.4,0.5,0.0,0.1,0.6,1.7,0.7,1.2,0.2,1.5,0.9,0.2,0,D,"Mar 24, 2000",23,Uruguay,€5.00m
285,Stefan Mitrovic,819,Getafe,33, D(C)  ,18(4),1678,0,0.0,23.2,79.0,0.0,1.9,0.0,6.48,0,4,0,0.0,1.7,0,0.0,0.1,0.0,0.0,0.1,0.6,0.8,0.6,0.7,4.0,0.2,0.5,0,D,"May 22, 1990",33,Serbia,€2.00m
286,Munir El Haddadi,819,Getafe,27," AM(CLR),FW  ",10(18),1149,1,0.5,12.4,69.4,0.8,0.1,0.0,6.43,3,4,0,1.1,1.0,0,0.4,1.2,0.5,0.9,1.6,0.4,0.3,0.5,0.0,0.1,0.3,0.1,0,FW,"Sep 1, 1995",27,Morocco,€3.50m
287,Portu,819,Getafe,31," M(CLR),FW  ",17(17),1762,3,0.8,15.4,71.7,0.6,0.4,0.0,6.32,0,5,1,0.4,0.6,0,0.4,0.7,0.3,0.2,0.9,0.8,0.5,0.7,0.0,0.4,0.7,0.1,0,FW,"May 21, 1992",31,Spain,€3.50m
288,Carles Aleñá,819,Getafe,25, AM(CLR)  ,26(9),2127,2,0.4,21.7,78.6,0.3,1.4,0.0,6.25,2,10,1,0.9,0.4,1,0.7,1.4,0.1,0.7,1.3,0.5,0.1,1.7,0.0,0.4,0.8,0.0,0,M,"Jan 5, 1998",25,Spain,€9.00m
289,Jaime Mata,819,Getafe,34," AM(L),FW  ",6(13),436,1,0.3,5.8,57.7,0.2,0.1,0.0,6.24,1,5,0,0.7,0.5,1,0.1,0.4,0.2,0.4,0.8,0.7,0.2,0.9,0.0,0.3,0.8,0.1,0,FW,"Oct 24, 1988",34,Spain,€1.20m
290,Ángel Algobia,819,Getafe,24, M(C)  ,11(15),1130,0,0.2,19.5,81.7,0.2,1.2,0.0,6.21,0,3,0,0.3,0.3,0,0.2,0.4,0.0,0.3,0.5,1.0,0.1,1.2,0.0,0.3,1.0,0.2,0,DM,"Jun 23, 1999",24,Spain,€1.50m
291,Vedat Muriqi,51,Mallorca,29, FW  ,34(1),2953,3,0.6,23.3,57.8,0.0,0.4,0.0,7.01,15,6,1,2.2,5.7,4,0.3,1.1,0.8,1.3,2.3,0.3,0.3,1.7,0.0,2.1,0.3,0.2,0,FW,"Apr 24, 1994",29,Kosovo,€15.00m
292,Antonio Raíllo,51,Mallorca,31, D(C)  ,31,2767,3,0.2,34.9,83.2,0.0,2.1,0.0,6.88,2,11,1,0.4,3.0,1,0.1,0.7,0.2,0.1,0.3,1.1,1.0,1.4,0.4,5.1,0.2,0.9,0,D,"Oct 8, 1991",31,Spain,€4.00m
293,Pablo Maffeo,51,Mallorca,25," D(LR),M(R)  ",34(1),2980,4,1.0,24.3,70.9,0.7,1.4,0.1,6.78,2,6,1,0.6,1.4,3,1.0,1.3,0.1,1.0,1.8,2.1,0.7,0.9,0.1,1.7,0.9,0.3,0,D,"Jul 12, 1997",25,Argentina,€8.00m
294,Predrag Rajkovic,51,Mallorca,27, GK  ,36,3240,0,0.1,30.1,54.8,0.0,9.6,0.0,6.69,0,3,0,0.0,0.1,1,0.1,0.1,0.0,0.0,0.1,0.0,0.0,0.0,0.0,0.9,0.1,0.0,0,GK,"Oct 31, 1995",27,Serbia,€10.00m
295,Martin Valjent,51,Mallorca,27, D(C)  ,30,2659,0,0.1,35.7,80.4,0.1,2.8,0.0,6.62,0,8,0,0.2,1.2,0,0.0,0.4,0.0,0.0,0.2,1.2,1.0,1.1,0.2,4.4,0.3,0.7,0,D,"Dec 11, 1995",27,Slovakia,€4.50m
296,Dani Rodríguez,51,Mallorca,35, AM(CLR)  ,26(9),2115,6,0.7,18.5,82.0,0.2,1.1,0.1,6.6,3,8,0,0.7,0.3,2,0.8,0.9,0.1,1.1,1.3,1.2,0.6,1.4,0.0,0.3,0.7,0.2,0,AM,"Jun 6, 1988",35,Spain,€1.20m
297,Jaume Costa,51,Mallorca,35," D(LR),M(L)  ",30(2),2610,1,1.0,27.6,74.7,0.8,1.2,0.0,6.52,0,11,0,0.3,0.9,0,0.3,1.0,0.2,0.3,0.7,1.6,0.7,1.4,0.1,1.2,0.7,0.2,0,D,"Mar 18, 1988",35,Spain,€1.20m
298,Iddrisu Baba,51,Mallorca,27, DMC  ,20(9),1751,0,0.2,20.0,81.9,0.0,1.5,0.0,6.39,0,5,0,0.4,1.3,0,0.4,1.0,0.0,0.5,1.0,1.1,0.4,1.1,0.1,1.1,0.6,0.3,0,M,"Jan 22, 1996",27,Ghana,€3.00m
299,Amath Ndiaye,51,Mallorca,26," AM(LR),FW  ",12(16),1220,0,0.1,9.8,74.1,0.1,0.3,0.0,6.29,2,2,1,0.8,0.3,0,0.5,0.9,0.3,0.8,1.5,1.0,0.2,1.3,0.1,0.1,0.3,0.0,0,FW,"Jul 16, 1996",26,Senegal,€2.00m
300,Clément Grenier,51,Mallorca,32, M(CL)  ,6(15),714,0,0.6,15.2,78.1,0.3,0.8,0.0,6.21,0,7,0,0.1,0.1,0,0.1,0.6,0.0,0.3,0.8,1.0,0.3,1.0,0.0,0.3,0.5,0.0,0,M,"Jan 7, 1991",32,France,€800k
301,Antonio Sánchez,51,Mallorca,26, M(CR)  ,11(21),1066,0,0.2,12.2,72.5,0.2,0.6,0.0,6.17,0,5,0,0.4,0.2,0,0.4,0.5,0.0,0.6,0.8,0.6,0.7,0.8,0.0,0.2,0.8,0.0,0,M,"Apr 22, 1997",26,Spain,€2.50m
302,Abdón Prats,51,Mallorca,30, FW  ,2(24),398,1,0.3,3.5,63.7,0.0,0.2,0.0,6.14,1,1,0,0.2,0.5,0,0.1,0.2,0.1,0.5,0.3,0.0,0.0,0.2,0.0,0.1,0.0,0.0,0,FW,"Dec 7, 1992",30,Spain,€1.20m
303,Antoine Griezmann,63,Atletico,32," AM(CLR),FW  ",31(7),2863,16,2.2,38.3,82.4,0.8,1.8,0.2,7.69,15,2,0,2.9,0.7,13,1.2,1.1,0.3,0.9,1.1,1.3,0.6,0.6,0.0,0.8,1.2,0.1,0,FW,"Mar 21, 1991",32,France,€25.00m
304,Yannick Carrasco,63,Atletico,29," D(L),M(CLR),FW  ",26(9),2330,3,1.3,26.1,84.8,0.7,0.7,0.1,6.85,7,2,0,1.9,0.1,0,1.7,0.6,0.2,1.0,1.5,1.0,0.3,0.7,0.1,0.5,0.9,0.0,0,FW,"Sep 4, 1993",29,Belgium,€25.00m
305,Álvaro Morata,63,Atletico,30," AM(L),FW  ",23(13),1906,2,0.5,11.5,64.5,0.0,0.3,0.0,6.85,13,4,0,2.0,1.6,2,0.6,1.6,0.7,0.7,1.5,0.4,0.0,1.1,0.0,0.6,0.1,0.1,0,FW,"Oct 23, 1992",30,Spain,€20.00m
306,Marcos Llorente,63,Atletico,28," D(R),M(CR),FW  ",21(1),1712,2,1.3,32.5,85.9,0.2,0.8,0.0,6.81,1,5,0,1.1,0.5,1,0.5,0.6,0.1,0.5,1.0,1.5,0.8,1.4,0.0,0.8,0.6,0.1,0,M,"Jan 30, 1995",28,Spain,€35.00m
307,Nahuel Molina,63,Atletico,25," D(R),M(R)  ",33,2872,2,1.2,45.7,79.4,0.7,1.7,0.1,6.79,4,7,1,0.6,0.7,0,0.6,0.5,0.1,0.3,1.0,2.1,0.5,0.7,0.1,1.4,1.6,0.2,0,D,"Apr 6, 1998",25,Argentina,€35.00m
308,Mario Hermoso,63,Atletico,28, D(CL)  ,24(2),2111,2,0.5,54.0,87.5,0.1,4.9,0.1,6.72,3,3,2,0.6,1.4,1,0.5,0.5,0.1,0.3,0.8,0.8,0.7,1.0,0.3,2.9,0.8,0.3,0,D,"Jun 18, 1995",28,Spain,€20.00m
309,Koke,63,Atletico,31, M(CLR)  ,30(3),2560,3,0.8,60.5,89.1,0.1,2.7,0.0,6.72,0,4,0,0.5,0.3,0,0.4,0.8,0.0,0.5,0.6,1.7,0.6,0.6,0.0,0.6,1.3,0.4,0,M,"Jan 8, 1992",31,Spain,€16.00m
310,Stefan Savic,63,Atletico,32, D(C)  ,22,1946,0,0.0,51.3,88.0,0.0,2.6,0.0,6.72,0,5,2,0.1,2.5,0,0.2,0.4,0.0,0.1,0.1,1.8,1.5,1.4,0.6,2.7,0.6,0.4,0,D,"Jan 8, 1991",32,Montenegro,€6.00m
311,Jan Oblak,63,Atletico,30, GK  ,28,2493,0,0.0,25.0,60.9,0.0,5.3,0.0,6.67,0,1,0,0.0,0.1,1,0.0,0.1,0.0,0.0,0.0,0.0,0.0,0.0,0.0,0.5,0.0,0.0,0,GK,"Jan 7, 1993",30,Slovenia,€35.00m
312,Thomas Lemar,63,Atletico,27, AM(CLR)  ,17(10),1259,3,1.0,28.1,88.4,0.4,1.0,0.1,6.63,1,1,0,0.5,0.2,0,0.8,0.6,0.1,0.7,0.7,1.1,0.3,0.3,0.0,0.4,0.7,0.1,0,AM,"Nov 12, 1995",27,France,€22.00m
313,Saúl Ñíguez,63,Atletico,28," D(CL),M(CLR)  ",11(20),1091,1,0.2,15.5,80.7,0.0,0.5,0.0,6.56,3,8,0,0.7,1.3,1,0.4,0.2,0.1,0.2,0.7,1.4,0.5,1.1,0.0,0.8,0.5,0.2,0,M,"Nov 21, 1994",28,Spain,€10.00m
314,Geoffrey Kondogbia,63,Atletico,30," D(C),DMC  ",11(10),1001,2,0.2,30.1,89.4,0.0,1.0,0.0,6.55,0,5,0,0.5,0.6,0,0.2,0.9,0.1,0.5,0.3,1.9,1.2,0.8,0.0,0.5,0.4,0.0,0,DM,"Feb 15, 1993",30,Central African Republic,€14.00m
315,Axel Witsel,63,Atletico,34," D(C),M(C)  ",25(8),2255,0,0.1,40.1,92.7,0.0,1.0,0.0,6.55,0,2,1,0.3,1.2,0,0.2,0.5,0.0,0.1,0.2,1.1,0.7,0.6,0.4,2.2,0.4,0.3,0,D,"Jan 12, 1989",34,Belgium,€5.00m
316,Ángel Correa,63,Atletico,28," AM(CLR),FW  ",13(22),1449,1,0.7,14.1,81.1,0.1,0.3,0.1,6.5,9,2,1,1.2,0.1,2,0.7,0.6,0.4,0.9,1.6,0.3,0.3,0.5,0.0,0.1,0.3,0.0,0,FW,"Mar 9, 1995",28,Argentina,€30.00m
317,Alberto Moreno,839,Villarreal,30," D(L),M(L)  ",14(10),1298,1,0.5,25.1,85.4,0.4,0.7,0.0,6.43,0,7,0,0.6,0.5,0,0.3,0.4,0.1,0.3,0.7,1.0,1.0,1.1,0.1,1.0,0.5,0.0,0,M,"Apr 19, 2002",21,Spain,€150k
318,Pablo Barrios,63,Atletico,20, M(C)  ,6(15),716,1,0.2,20.9,83.4,0.0,0.7,0.0,6.31,0,4,0,0.6,0.3,0,0.7,0.6,0.0,0.5,0.7,0.9,0.4,0.3,0.0,0.2,0.3,0.1,0,M,"Jun 15, 2003",20,Spain,€5.00m
