,Rank,Name,Team,Age,Position,Apps,Mins,Goals,Assists,Yellow,Red,SpG,PS,Aerialswon,MotM,Rating
0,1,Kevin De Bruyne,Man City,32," M(CLR),FW",28(4),2425,7,16,1,-,2,80.8,0.4,9,7.58
1,2,Erling Haaland,Man City,23, FW,33(2),2779,36,8,5,-,3.5,74.8,1.4,6,7.54
2,3,Harry Kane,Tottenham,30," AM(C),FW",38,3408,30,3,6,-,3.4,72,1.7,8,7.51
3,4,Bruno Fernandes,Man Utd,29, M(CLR),37,3320,8,8,6,-,2.5,77.7,0.5,6,7.44
4,5,Gabriel Jesus,Arsenal,27," AM(LR),FW",24(2),2075,11,6,6,-,3,81.5,1.7,4,7.42
5,6,Kieran Trippier,Newcastle,33," D(LR),M(R)",38,3348,1,7,5,-,0.4,76,1.3,8,7.41
6,7,Bukayo Saka,Arsenal,22," D(L),M(CLR)",37(1),3195,14,11,6,-,2.3,80.9,0.4,4,7.40
7,8,Solly March,Brighton,29, M(CLR),31(2),2728,7,7,2,-,2.2,78.6,0.9,6,7.38
8,9,Jack Grealish,Man City,28," AM(CL),FW",23(5),2064,5,7,4,-,1.5,87.6,0.5,3,7.33
9,10,Martin Ødegaard,Arsenal,25, AM(CR),37,3149,15,7,4,-,2.5,84,0.4,7,7.29
10,11,Rodri,Man City,27," D(C),DMC",34(2),2921,2,6,5,-,1.4,91.3,2,3,7.26
11,12,Gabriel Martinelli,Arsenal,22," AM(L),FW",34(2),2806,15,5,3,-,2.2,82.4,0.4,4,7.25
12,13,Ivan Toney,Brentford,28, FW,33,2955,20,4,9,-,2.8,62,3.3,5,7.25
13,14,Joelinton,Newcastle,27," AM(CLR),FW",30(2),2664,6,1,12,-,1.6,82.3,2.1,3,7.25
14,15,James Maddison,Leicester,27, AM(CLR),28(2),2486,10,9,10,-,2.8,79.5,0.1,2,7.24
15,16,Bruno Guimarães,Newcastle,26, DMC,32,2735,4,5,7,-,0.9,84.6,0.6,1,7.21
16,17,Casemiro,Man Utd,32," D(C),DMC",24(4),2126,4,3,7,2,1.2,78.5,2,5,7.17
17,18,Mohamed Salah,Liverpool,31," AM(CLR),FW",37(1),3297,19,12,2,-,3.3,78.1,0.2,3,7.17
18,19,Phil Foden,Man City,23," AM(CLR),FW",22(10),1844,11,5,1,-,1.4,86.1,0.6,3,7.13
19,20,Ilkay Gündogan,Man City,33, M(C),27(4),2359,8,4,-,-,1.7,88.2,0.6,2,7.11
20,21,Trent Alexander-Arnold,Liverpool,25," D(R),DMC,M(R)",34(3),2932,2,9,5,-,1.1,78.7,0.5,2,7.11
21,22,Ethan Pinnock,Brentford,30, D(C),30,2700,3,-,-,-,0.5,80.2,3.5,2,7.11
22,23,Aleksandar Mitrovic,Fulham,29, FW,23(1),2015,14,1,7,-,3.9,60.5,4.2,4,7.08
23,24,Marcus Rashford,Man Utd,26," AM(CLR),FW",32(3),2890,17,5,2,-,3.1,78.7,0.6,6,7.08
24,25,Thomas Partey,Arsenal,30," D(R),M(CR)",28(5),2487,3,-,5,-,0.8,88,1.1,1,7.06
25,26,Cody Gakpo,Liverpool,24," AM(CLR),FW",17(4),1465,7,2,-,-,1.9,78.4,1.2,-,7.06
26,27,Alexander Isak,Newcastle,24," AM(L),FW",17(5),1527,10,1,3,-,2.3,77.8,1,1,7.06
27,28,Alexis Mac Allister,Brighton,25," M(CL),FW",31(4),2886,10,2,8,-,2.5,87.2,0.7,4,7.05
28,29,Fabian Schär,Newcastle,32, D(C),36,3209,1,3,7,-,1.6,77.7,3.1,2,7.05
29,30,Declan Rice,West Ham,25," D(C),DMC",36(1),3272,4,2,5,-,1,88,1,1,7.02
30,31,Pierre-Emile Højbjerg,Tottenham,28, M(C),35,3133,4,5,5,-,0.9,88.6,0.8,3,7.02
31,32,Eberechi Eze,Crystal Palace,25, AM(CLR),30(8),2644,10,4,3,-,1.9,82.4,0.5,4,7.02
32,33,Riyad Mahrez,Man City,33," AM(CLR),FW",22(8),1924,5,10,2,-,1.4,86.8,0.3,2,7.01
33,34,Bryan Mbeumo,Brentford,24," AM(LR),FW",36(2),2931,9,8,5,-,1.9,73.7,0.9,4,7.01
34,35,Kaoru Mitoma,Brighton,26, M(L),24(9),2318,7,5,-,-,1.6,83.3,0.5,4,7.00
35,36,Pascal Groß,Brighton,32," D(LR),M(CR),FW",37,3246,9,8,7,-,1.1,86,0.3,2,7.00
36,37,Michael Olise,Crystal Palace,22, AM(CLR),31(6),2757,2,11,2,-,1.4,78.4,0.5,5,6.99
37,38,Dwight McNeil,Everton,24, M(CLR),28(8),2502,7,3,5,-,1.3,76.4,0.4,4,6.99
38,39,Willian,Fulham,35, AM(CLR),25(2),2144,5,5,2,-,1.5,82.3,0.3,3,6.99
39,40,Ben Mee,Brentford,34, D(CL),37,3272,3,2,2,-,0.8,77.1,3.6,2,6.98
40,41,Kenny Tete,Fulham,28," D(CR),M(R)",29(2),2575,1,5,8,-,0.4,76,1.1,-,6.98
41,42,Granit Xhaka,Arsenal,31," D(L),M(C)",36(1),3004,7,7,5,-,1.1,86.5,1,1,6.98
42,43,Lucas Paquetá,West Ham,26," M(CLR),FW",27(1),2171,4,3,5,-,1.9,80.2,1.3,4,6.98
43,44,James Tarkowski,Everton,31, D(C),38,3420,1,1,6,-,0.8,81.2,3.2,2,6.97
44,45,Ollie Watkins,Aston Villa,28," AM(LR),FW",36(1),3136,15,6,4,-,2.3,69.9,1.9,3,6.96
45,46,Diogo Dalot,Man Utd,25," D(LR),M(R)",24(2),2155,1,2,6,-,0.8,80.5,1.5,2,6.96
46,47,Marcus Tavernier,Bournemouth,25, M(CLR),19(4),1749,5,4,1,-,1.6,77.3,0.7,3,6.95
47,48,Rúben Neves,Wolves,27, DMC,33(2),3022,6,1,12,-,1.9,84,0.7,5,6.95
48,49,James Ward-Prowse,Southampton,29, M(CR),38,3373,9,4,6,-,1.2,85.3,1.2,2,6.95
49,50,Thiago Silva,Chelsea,39, D(C),26(1),2352,-,2,2,-,0.6,91.3,2.3,1,6.95
50,51,David Raya,Brentford,28, GK,38,3420,-,-,1,-,-,60.7,0.3,3,6.95
51,52,Son Heung-Min,Tottenham,31," M(CLR),FW",33(3),2899,10,6,2,-,2.3,82,0.3,2,6.95
52,53,Virgil van Dijk,Liverpool,32, D(C),32,2836,3,1,3,-,0.9,90.5,3.1,2,6.94
53,54,João Palhinha,Fulham,28, DMC,35,3113,3,-,14,-,1.1,83,2.1,2,6.93
54,55,Aaron Wan-Bissaka,Man Utd,26," D(LR),M(R)",16(3),1436,-,-,2,-,0.5,83.5,0.7,-,6.93
55,56,Douglas Luiz,Aston Villa,25, M(C),33(4),2933,6,6,6,1,0.9,86.4,0.7,3,6.93
56,57,Alisson Becker,Liverpool,31, GK,37,3330,-,1,1,-,-,83.4,0.3,2,6.92
57,58,Bernd Leno,Fulham,32, GK,36,3240,-,-,3,-,-,76.3,0.3,3,6.92
58,59,Callum Wilson,Newcastle,32, FW,21(10),1887,18,5,4,-,2.4,67.7,0.6,4,6.92
59,60,Moisés Caicedo,Brighton,22, DMC,34(3),3141,1,1,10,-,0.8,88.8,1,-,6.92
60,61,Miguel Almirón,Newcastle,30," AM(CLR),FW",29(5),2508,11,2,2,-,2,84.5,0.2,2,6.91
61,62,Christian Nørgaard,Brentford,30," D(C),DMC",21(1),1771,1,3,6,-,0.9,76.3,0.8,-,6.90
62,63,Luke Shaw,Man Utd,28," D(CL),M(L)",30(1),2558,1,2,8,-,0.5,86,1.5,1,6.90
63,64,Joe Willock,Newcastle,24, M(C),31(4),2578,3,6,1,-,1.7,85.1,0.5,2,6.88
64,65,Emiliano Martínez,Aston Villa,31, GK,36,3141,-,-,7,-,-,71.6,0.4,3,6.87
65,66,Oleksandr Zinchenko,Arsenal,27," D(L),M(CLR)",26(1),2135,1,2,3,-,1,87.8,1.9,1,6.86
66,67,Jacob Ramsey,Aston Villa,22, AM(CLR),31(4),2647,6,7,5,-,0.9,83.7,0.5,1,6.86
67,68,Roberto Firmino,Liverpool,32," M(CLR),FW",13(12),1213,11,4,-,-,1.6,79.9,0.6,2,6.85
68,69,Sèrge Aurier,Nottingham Forest,31," D(CLR),M(R)",22(2),1949,1,-,2,-,0.4,72.8,1.9,1,6.85
69,70,Leandro Trossard,Arsenal,29," M(CLR),FW",10(10),930,1,10,-,-,0.9,84.3,0.1,2,6.84
70,71,Gabriel Magalhães,Arsenal,26, D(C),38,3411,3,-,5,-,0.8,89.7,2.6,2,6.84
71,72,Lisandro Martínez,Man Utd,26," D(CL),DMC",24(3),2117,1,-,6,-,0.4,87.3,1.2,-,6.84
72,73,Morgan Gibbs-White,Nottingham Forest,24," AM(CLR),FW",34(1),2978,5,8,5,-,1.7,69,1.6,5,6.84
73,74,Kalidou Koulibaly,Chelsea,32, D(C),20(3),1801,2,1,5,1,0.5,87.1,1.4,-,6.83
74,75,Jadon Sancho,Man Utd,24, AM(CLR),21(5),1699,6,3,-,-,0.8,85,0.1,-,6.82
75,76,Philip Billing,Bournemouth,27," M(C),FW",34(2),2787,7,1,5,-,1.1,79.4,1.4,3,6.82
76,77,Antony,Man Utd,24, AM(R),23(2),1819,4,2,5,-,2.9,82.2,0.2,1,6.82
77,78,Alex Iwobi,Everton,27, M(CLR),38,3382,2,7,2,-,1.1,78.8,0.3,-,6.82
78,79,Wilfried Zaha,Crystal Palace,31," AM(LR),FW",27,2295,7,2,5,-,2.4,81.3,0.2,2,6.82
79,80,Mathias Jensen,Brentford,28, M(C),37,2830,5,6,5,-,0.6,75.7,0.3,3,6.81
80,81,John McGinn,Aston Villa,29, M(CLR),30(4),2698,1,3,7,-,1.2,81.5,0.6,2,6.81
81,82,Kepa,Chelsea,29, GK,29,2566,-,-,1,-,-,80.7,0.4,2,6.81
82,83,Jarrod Bowen,West Ham,27," AM(CLR),FW",36(2),3237,6,5,2,-,2,72.7,0.9,3,6.80
83,84,Tomás Soucek,West Ham,29, M(C),32(4),2820,2,3,3,-,0.9,72.1,3.2,1,6.80
84,85,Bernardo Silva,Man City,29," M(CLR),FW",24(10),2203,4,5,5,-,0.7,89.1,0.1,-,6.80
85,86,Allan Saint-Maximin,Newcastle,27," AM(CLR),FW",12(13),1119,1,5,1,-,1.1,75.1,0.1,2,6.80
86,87,Jordan Ayew,Crystal Palace,32," AM(CLR),FW",31(7),2721,4,3,5,-,0.8,80.5,1.3,1,6.80
87,88,John Stones,Man City,29," D(CR),DMC",21(2),1849,2,2,2,-,0.5,93.2,1.4,-,6.80
88,89,Cristian Romero,Tottenham,26, D(C),26(1),2365,-,1,9,1,0.4,87.7,2.1,1,6.80
89,90,Youri Tielemans,Leicester,26, M(C),27(4),2351,3,2,4,-,1,82.1,0.8,1,6.80
90,91,Rúben Dias,Man City,26, D(C),22(4),1999,-,-,3,-,0.4,92.7,1.7,-,6.79
91,92,Joachim Andersen,Crystal Palace,27, D(C),32,2784,1,-,8,-,0.7,79.7,2.7,-,6.79
92,93,Darwin Núñez,Liverpool,24," AM(CL),FW",19(10),1701,9,3,1,1,2.9,67.1,1.2,2,6.79
93,94,Pervis Estupiñán,Brighton,26," D(L),M(L)",31(4),2683,1,5,4,-,0.8,84,1,2,6.79
94,95,Dominic Solanke,Bournemouth,26, FW,32(1),2873,6,7,2,-,2.3,69.8,1.6,3,6.79
95,96,Mohammed Salisu,Southampton,25, D(CL),21(1),1973,-,1,5,-,0.9,76.8,2.5,-,6.79
96,97,Ben White,Arsenal,26," D(CR),DMC",36(2),3068,2,5,5,-,0.3,86.6,0.9,-,6.78
97,98,Andy Robertson,Liverpool,30," D(L),M(L)",29(5),2588,-,8,3,-,0.4,84.2,0.6,-,6.78
98,99,Julio Enciso,Brighton,20, AM(CL),7(13),802,4,2,1,-,1.9,72.7,0.3,1,6.78
99,100,Dejan Kulusevski,Tottenham,24," AM(CR),FW",23(7),2079,2,7,2,-,1.4,82.5,0.1,1,6.78
100,101,William Saliba,Arsenal,23, D(C),27,2416,2,1,4,-,0.2,91,2,1,6.77
101,102,Emerson Royal,Tottenham,25," D(CR),M(R)",20(6),1737,2,1,2,1,0.7,83.1,1.1,1,6.77
102,103,Dan Burn,Newcastle,31," D(CL),M(L)",35(3),3117,1,-,6,-,0.6,78.6,2.2,1,6.77
103,104,Neto,Bournemouth,34, GK,27,2386,-,-,4,-,-,56,0.2,2,6.76
104,105,Vicente Guaita,Crystal Palace,37, GK,27,2430,-,-,1,-,-,67.5,0.4,2,6.76
105,106,Danny Welbeck,Brighton,33," AM(CLR),FW",21(10),1859,6,3,-,-,2,84.7,1,2,6.76
106,107,Kai Havertz,Chelsea,24," M(CR),FW",30(5),2580,7,1,5,-,2,82.4,2.3,2,6.75
107,108,Nathan Aké,Man City,29," D(CL),DMC",22(4),1876,1,-,2,-,0.3,91.1,1.4,-,6.75
108,109,Antonee Robinson,Fulham,26," D(L),M(L)",35,3089,-,1,8,-,0.1,76.9,1.1,-,6.75
109,110,Tyrone Mings,Aston Villa,31, D(CL),35,3150,1,2,7,-,0.2,85.3,1.8,1,6.75
110,111,Sven Botman,Newcastle,24, D(C),35(1),3129,-,-,2,-,0.6,86.8,2.1,-,6.74
111,112,Ivan Perisic,Tottenham,35," M(CLR),FW",23(11),2112,1,8,6,-,0.9,72.3,1,1,6.74
112,113,Tosin Adarabioyo,Fulham,26, D(CR),23(2),2084,1,-,4,-,0.6,82.4,2.4,-,6.74
113,114,Dango Ouattara,Bournemouth,22," D(L),M(LR)",15(4),1246,1,3,1,-,1.4,65.8,1.6,1,6.74
114,115,Raheem Sterling,Chelsea,29," M(CLR),FW",23(5),1905,6,3,4,-,1.5,78.9,0.2,2,6.74
115,116,Diogo Jota,Liverpool,27," AM(CLR),FW",12(10),1133,7,4,2,-,1.6,75.9,0.8,1,6.74
116,117,Tyler Adams,Leeds,25," D(R),M(CR)",24,2157,-,-,4,1,0.2,82.4,1.1,-,6.73
117,118,Andreas Pereira,Fulham,28, M(CLR),33,2718,4,6,8,-,1.9,73.7,0.3,3,6.73
118,119,Jack Harrison,Leeds,27," AM(CLR),FW",34(2),2729,5,7,2,-,1.1,71,0.1,4,6.72
119,120,Cheick Doucouré,Crystal Palace,24, DMC,34,2786,-,3,9,1,1.1,83.6,0.9,-,6.72
120,121,Timothy Castagne,Leicester,28," D(CLR),M(LR)",36(1),3257,2,3,3,-,0.5,80.7,1.5,1,6.71
121,122,Armel Bella-Kotchap,Southampton,22, D(C),24,1885,-,2,4,-,0.6,80.3,1.7,-,6.71
122,123,Kiernan Dewsbury-Hall,Leicester,25, M(C),28(3),2316,2,2,3,1,0.8,78.5,0.5,1,6.71
123,124,Álex Moreno,Aston Villa,30," D(L),M(L)",14(5),1336,-,3,3,-,0.7,79.4,0.5,-,6.71
124,125,Fabinho,Liverpool,30," D(CR),DMC",31(5),2678,-,2,11,-,0.5,88.7,0.8,-,6.71
125,126,Amadou Onana,Everton,22, DMC,29(4),2496,1,2,9,-,1,84,1.8,-,6.71
126,127,Victor Lindelöf,Man Utd,29, D(CLR),14(6),1361,-,-,1,-,0.2,93.2,1.7,-,6.70
127,128,Julián Álvarez,Man City,24," AM(CR),FW",13(18),1454,9,-,-,-,1.5,82.7,0.3,2,6.70
128,129,Nick Pope,Newcastle,32, GK,37,3262,-,-,3,1,-,58.8,0.1,2,6.70
129,130,Saïd Benrahma,West Ham,28, AM(CLR),22(13),2073,6,3,-,-,2.1,82,0.1,1,6.70
130,131,Emiliano Buendía,Aston Villa,27," M(CLR),FW",27(11),2423,5,2,-,-,1.3,78.6,0.6,2,6.70
131,132,Mason Mount,Chelsea,25, M(CLR),20(4),1658,3,2,4,-,1.4,80.1,0.4,2,6.70
132,133,Christian Eriksen,Man Utd,32," M(CLR),FW",25(3),2062,1,8,3,-,1.4,84.6,0.3,1,6.70
133,134,Jordan Pickford,Everton,30, GK,37,3330,-,1,6,-,-,51.8,0.2,2,6.69
134,135,Joe Gomez,Liverpool,26, D(CLR),15(6),1461,-,-,3,-,0.3,86.6,2.2,-,6.69
135,136,Kurt Zouma,West Ham,29, D(CR),24(1),1991,2,-,-,-,0.8,84.5,2.2,2,6.68
136,137,Marc Guéhi,Crystal Palace,23, D(C),37,3330,1,-,8,-,0.4,85.5,1.5,-,6.68
137,138,Rodrigo,Leeds,33," M(CLR),FW",23(8),1945,13,1,6,-,2.2,72.5,1.1,1,6.68
138,139,Lukasz Fabianski,West Ham,39, GK,36,3114,-,-,1,-,-,58.1,0.5,-,6.68
139,140,Evan Ferguson,Brighton,19, FW,10(9),952,6,2,1,-,1.9,81.1,0.5,-,6.67
140,141,David de Gea,Man Utd,33, GK,38,3420,-,-,-,-,-,68.3,0.1,1,6.67
141,142,Jan Bednarek,Southampton,28, D(C),20,1674,-,-,5,-,0.4,84.2,2.1,-,6.67
142,143,Pascal Struijk,Leeds,24," D(CL),DMC",26(3),2205,2,1,5,-,0.6,79.5,2.1,-,6.66
143,144,Eric Dier,Tottenham,30," D(CR),DMC",31(2),2817,2,1,3,-,0.5,85.9,2.4,1,6.66
144,145,Tim Ream,Fulham,36," D(CL),DMC",33,2899,1,-,2,-,0.1,87,1.5,1,6.66
145,146,Issa Diop,Fulham,27, D(C),21(4),2009,1,-,2,-,0.1,87.1,1.3,-,6.66
146,147,Jeffrey Schlupp,Crystal Palace,31," D(L),M(CLR)",30(4),2546,3,1,7,-,0.8,75.5,0.8,1,6.66
147,148,Harvey Barnes,Leicester,26, AM(CL),32(2),2720,13,1,3,-,2.1,73.5,0.9,-,6.66
148,149,Wout Faes,Leicester,26, D(CL),31,2787,1,2,4,1,0.4,85.8,1.9,-,6.66
149,150,Idrissa Gueye,Everton,34, M(C),32(1),2594,-,1,7,-,0.5,84.5,0.8,-,6.65
150,151,Jefferson Lerma,Bournemouth,29," D(CR),DMC",37,3256,5,-,7,-,0.9,82.2,1.7,1,6.65
151,152,Marc Cucurella,Chelsea,25," D(CL),M(L)",21(3),1679,-,2,4,-,0.3,86.4,0.7,-,6.65
152,153,Joel Ward,Crystal Palace,34," D(CLR),DMC,M(R)",24(4),2256,1,-,6,-,0.3,75.4,2.1,-,6.65
153,154,Raphaël Varane,Man Utd,31, D(C),22(2),1917,-,-,1,-,0.3,86.5,1.8,-,6.64
154,155,Rico Henry,Brentford,26," D(L),M(L)",37,3244,-,2,4,-,0.6,75,1.1,-,6.64
155,156,Sean Longstaff,Newcastle,26, DMC,28(5),2517,1,4,2,-,1,82.8,0.7,-,6.64
156,157,Tyrell Malacia,Man Utd,24, D(L),14(8),1395,-,-,6,-,0.2,87.4,0.4,-,6.64
157,158,Vladimír Coufal,West Ham,31," D(R),M(R)",24(3),2139,-,1,5,-,0.2,65.8,1.5,-,6.64
158,159,Vitaly Janelt,Brentford,25," D(L),DMC",24(11),2212,3,1,3,-,0.4,80.9,0.9,2,6.63
159,160,Ben Davies,Tottenham,31," D(CL),M(L)",26(5),2290,2,2,4,-,0.5,83.2,2.3,-,6.63
160,161,Maximilian Kilman,Wolves,26, D(C),37,3308,-,-,3,-,0.4,83.4,2.3,1,6.63
161,162,Aaron Ramsdale,Arsenal,25, GK,38,3420,-,-,1,-,-,63.4,0.2,1,6.63
162,163,Rasmus Kristensen,Leeds,26," D(CR),M(R)",21(5),1962,3,1,4,-,0.5,69.3,1.3,-,6.63
163,164,Demarai Gray,Everton,27," AM(CLR),FW",27(6),2512,4,1,3,-,1.8,81.3,0.4,1,6.62
164,165,Lewis Dunk,Brighton,32, D(C),36,3240,1,-,4,-,0.6,90.4,1.9,-,6.62
165,166,Ben Chilwell,Chelsea,27," D(L),M(L)",15(8),1408,2,2,3,-,0.7,83.3,1.1,-,6.62
166,167,Leon Bailey,Aston Villa,26," M(CLR),FW",26(7),1984,4,4,4,-,1.5,69.2,0.7,3,6.61
167,168,Aaron Cresswell,West Ham,34," D(CL),M(L)",24(4),2237,-,1,3,-,0.3,81.4,1,-,6.61
168,169,Matheus Nunes,Wolves,25, M(CLR),31(4),2480,1,1,2,1,0.8,82.3,0.6,2,6.60
169,170,Neco Williams,Nottingham Forest,23," D(LR),M(LR)",20(11),1877,1,-,7,-,0.8,66.8,0.5,1,6.60
170,171,Ché Adams,Southampton,27," AM(CL),FW",23(5),1998,5,3,1,-,1.7,67.6,2.2,1,6.60
171,172,Lloyd Kelly,Bournemouth,25, D(CL),23,2041,-,2,3,-,0.1,81.4,1.6,2,6.59
172,173,Joël Veltman,Brighton,32," D(CR),M(R)",25(6),2196,1,1,6,-,0.5,85.2,0.8,-,6.59
173,174,Anthony Martial,Man Utd,28," AM(LR),FW",11(10),980,6,2,-,-,1.3,81.6,0.5,-,6.59
174,175,Manuel Akanji,Man City,28," D(CLR),DMC",24(5),2287,-,1,2,-,0.5,93.3,0.8,-,6.59
175,176,Vitalii Mykolenko,Everton,24," D(CL),M(L)",30(4),2657,-,-,4,-,0.3,75.6,0.8,-,6.58
176,177,Kyle Walker-Peters,Southampton,27," D(LR),M(R)",30(1),2653,1,-,4,-,0.4,78.9,0.5,1,6.58
177,178,Chris Mepham,Bournemouth,26, D(C),24(2),2198,-,-,7,-,0.3,83.7,2,-,6.58
178,179,Luis Sinisterra,Leeds,24," AM(LR),FW",13(6),875,5,-,1,1,1.5,81.5,0.9,1,6.58
179,180,Joe Worrall,Nottingham Forest,27, D(C),21(9),2217,1,-,6,-,0.2,78.5,1.8,-,6.58
180,181,Ashley Young,Aston Villa,38," D(LR),M(LR)",23(6),2039,1,-,7,-,0.5,77.5,0.5,-,6.58
181,182,Ezri Konsa,Aston Villa,26, D(CR),37(1),3323,-,-,6,-,0.2,88.9,1.5,-,6.57
182,183,Jordan Henderson,Liverpool,33," D(C),M(CLR)",23(12),2075,-,2,2,-,0.7,84.9,0.3,-,6.57
183,184,Séamus Coleman,Everton,35," D(CR),M(R)",20(3),1667,1,-,1,-,0.3,75.5,0.8,1,6.57
184,185,Ryan Christie,Bournemouth,29," M(CLR),FW",22(10),1842,1,1,2,-,1,82.7,0.5,-,6.56
185,186,Matty Cash,Aston Villa,26," D(R),M(CLR)",20(6),1821,-,1,4,-,0.3,78.6,0.5,1,6.56
186,187,Roméo Lavia,Southampton,20, DMC,26(3),2230,1,-,9,-,0.4,86.4,0.3,-,6.56
187,188,Ruben Loftus-Cheek,Chelsea,28, M(CLR),19(6),1543,-,1,1,-,0.4,88.6,0.9,-,6.56
188,189,Boubacar Kamara,Aston Villa,24," D(CL),DMC",21(3),1779,-,1,4,-,0.2,84.9,0.9,-,6.56
189,190,Luke Ayling,Leeds,32," D(CR),M(R)",22(7),2049,2,1,3,-,0.8,69.2,1.6,-,6.55
190,191,Hugo Lloris,Tottenham,37, GK,25,2206,-,-,-,-,-,73.5,0.4,-,6.55
191,192,Joe Aribo,Southampton,27," M(CLR),FW",13(8),1229,2,-,2,-,0.7,74.1,1.4,-,6.55
192,193,Clément Lenglet,Tottenham,28, D(C),24(2),2027,-,2,4,-,0.5,87.5,1.7,-,6.55
193,194,Conor Gallagher,Chelsea,24, M(CL),18(17),1616,3,1,9,1,0.8,84.5,0.5,2,6.54
194,195,Renan Lodi,Nottingham Forest,26," D(L),M(L)",26(2),2222,-,1,7,-,0.5,71.3,0.6,-,6.54
195,196,Kyle Walker,Man City,33," D(CR),M(R)",22(5),1957,-,-,3,-,0.2,89.5,0.9,-,6.54
196,197,Daniel Amartey,Leicester,29," D(CR),DMC",18(2),1610,-,-,1,-,0.3,91.3,1.7,1,6.53
197,198,Tyrick Mitchell,Crystal Palace,24," D(L),M(L)",34(2),2896,-,2,5,1,0.2,72.4,0.7,-,6.53
198,199,José Sá,Wolves,31, GK,36,3240,-,-,2,-,-,65.4,0.2,2,6.53
199,200,Harvey Elliott,Liverpool,21, AM(CR),18(14),1615,1,2,2,-,1.1,82.9,0.1,-,6.52
200,201,Marcos Senesi,Bournemouth,26, D(C),29(2),2496,2,-,7,-,0.3,81.4,0.9,1,6.52
201,202,Adam Webster,Brighton,29, D(C),23(4),1989,-,-,2,-,0.7,88.6,2.2,-,6.52
202,203,Manor Solomon,Fulham,24, AM(CL),4(15),563,4,-,-,-,0.6,86.4,0.2,-,6.52
203,204,Robin Koch,Leeds,27," D(C),DMC",36,3178,-,-,7,-,0.5,77.3,3.1,-,6.52
204,205,Scott McTominay,Man Utd,27," D(C),M(C)",10(14),1151,1,-,8,-,0.5,82.9,1.4,1,6.52
205,206,Adama Traoré,Wolves,28," M(CLR),FW",12(22),1492,2,1,2,-,0.6,74.1,1.1,-,6.52
206,207,César Azpilicueta,Chelsea,34," D(CLR),M(R)",16(9),1526,-,-,3,-,0.4,83.7,1.2,-,6.52
207,208,Yoane Wissa,Brentford,27," AM(L),FW",16(22),1601,7,3,3,-,0.8,72.2,0.6,-,6.51
208,209,Rayan Aït-Nouri,Wolves,22," D(L),M(L)",9(12),1070,1,-,4,-,0.5,81.9,0.7,-,6.51
209,210,Nathan Patterson,Everton,22," D(R),M(R)",14(5),1274,-,-,3,-,0.4,79.9,0.5,-,6.51
210,211,João Moutinho,Wolves,37, M(C),20(11),1787,-,2,3,-,0.5,83.9,0.3,-,6.50
211,212,Taiwo Awoniyi,Nottingham Forest,26, FW,17(10),1412,10,1,2,-,1.3,64.8,0.7,1,6.50
212,213,Daniel Podence,Wolves,28," AM(CLR),FW",20(12),1773,6,-,5,-,1.3,70.5,0.2,2,6.50
213,214,Thilo Kehrer,West Ham,27," D(CLR),M(R)",25(2),2231,-,2,4,-,0.3,85.4,1.3,-,6.50
214,215,Marc Roca,Leeds,27," D(C),DMC",29(3),2330,1,2,7,-,1.1,79.4,0.6,-,6.50
215,216,Nélson Semedo,Wolves,30," D(LR),M(R)",31(5),2641,-,1,11,1,0.3,81.7,0.8,-,6.50
216,217,Ainsley Maitland-Niles,Southampton,26," D(LR),M(CLR)",13(9),1405,-,-,3,-,-,81.1,0.7,-,6.50
217,218,Harrison Reed,Fulham,29," D(R),M(CR)",35(2),2882,3,4,5,-,0.5,79.8,0.8,-,6.50
218,219,Wilfred Ndidi,Leicester,27," D(C),DMC",19(8),1683,-,-,4,-,0.3,84,0.9,-,6.49
219,220,Michail Antonio,West Ham,34," D(R),M(CLR),FW",21(12),1837,5,3,2,-,1.2,57.6,1.5,-,6.49
220,221,Boubakary Soumaré,Leicester,25, DMC,20(6),1635,-,-,9,-,-,86.1,0.7,-,6.49
221,222,Jordan Zemura,Bournemouth,24," D(L),M(L)",17(2),1457,-,1,1,-,0.2,69.3,0.4,-,6.49
222,223,Brennan Johnson,Nottingham Forest,22," AM(CLR),FW",33(5),2941,8,3,6,-,1.4,62.8,0.5,2,6.49
223,224,Mohamed Elyounoussi,Southampton,29," AM(CLR),FW",27(6),2180,1,1,4,-,1.1,69,1.1,-,6.49
224,225,Nathan Collins,Wolves,23, D(CR),19(7),1813,-,-,2,1,0.1,88.1,1.4,-,6.48
225,226,Fred,Man Utd,31, M(C),12(23),1235,2,2,6,-,0.7,80.7,0.3,-,6.48
226,227,Abdoulaye Doucouré,Everton,31, M(C),17(8),1529,5,2,6,1,0.8,79.6,0.5,-,6.48
227,228,Kostas Tsimikas,Liverpool,27, D(L),9(11),769,-,4,3,-,0.4,85.4,0.4,-,6.48
228,229,Mateo Kovacic,Chelsea,29, M(CL),17(10),1708,1,2,8,-,0.9,86,0.4,-,6.48
229,230,Wilfried Gnonto,Leeds,20, AM(LR),14(10),1353,2,4,7,-,0.9,77,0.3,1,6.48
230,231,Orel Mangala,Nottingham Forest,26, M(C),20(7),1558,1,1,3,-,0.3,81,0.4,-,6.48
231,232,Lyanco,Southampton,27, D(CR),11(10),1175,1,1,4,-,0.6,75.5,1.2,-,6.47
232,233,Kelechi Iheanacho,Leicester,27," AM(C),FW",11(17),1122,5,5,-,-,1.4,76.7,0.5,1,6.47
233,234,Trevoh Chalobah,Chelsea,24," D(CR),DMC",18(7),1604,-,-,4,-,0.4,88.5,1.2,-,6.47
234,235,Bobby De Cordova-Reid,Fulham,31," D(R),M(CLR),FW",29(7),2487,4,1,8,-,0.9,72.4,0.3,-,6.46
235,236,Romain Perraud,Southampton,26," D(L),M(L)",22(7),1839,2,2,4,-,1,74.7,0.5,1,6.46
236,237,Danny Ward,Leicester,30, GK,26,2340,-,-,-,-,-,70.5,0.2,1,6.46
237,238,Richarlison,Tottenham,26," AM(CLR),FW",12(15),1008,1,3,3,-,1,72.6,0.7,1,6.46
238,239,Crysencio Summerville,Leeds,22, AM(LR),12(16),1418,4,2,4,-,1,77.9,0.2,-,6.46
239,240,Ryan Yates,Nottingham Forest,26, DMC,21(5),1840,-,2,5,-,1,78.2,1.2,-,6.46
240,241,Mario Lemina,Wolves,30, M(C),17(2),1306,-,1,2,1,0.5,87.3,0.9,-,6.45
241,242,Aaron Hickey,Brentford,21," D(LR),M(LR)",23(3),1931,-,1,7,-,0.4,84.7,0.5,-,6.45
242,243,Patson Daka,Leicester,25, FW,13(17),1181,4,4,2,-,1,68,0.9,-,6.45
243,244,Conor Coady,Everton,31," D(CR),DMC",23(1),2096,1,1,2,-,0.2,85.1,1,-,6.45
244,245,Josh Dasilva,Brentford,25, M(C),14(22),1384,4,2,1,-,0.5,82.7,0.2,1,6.44
245,246,Joe Rothwell,Bournemouth,29, M(CL),12(8),1019,-,1,2,-,0.2,87.6,0.1,-,6.44
246,247,Ederson,Man City,30, GK,35,3150,-,1,3,-,-,84.4,0.3,-,6.44
247,248,Jacob Murphy,Newcastle,29," D(R),M(LR)",14(22),1246,4,2,-,-,0.8,71.8,0.1,-,6.44
248,249,Eddie Nketiah,Arsenal,24, FW,9(21),1073,4,1,3,-,1.4,81.6,0.3,1,6.44
249,250,Gavin Bazunu,Southampton,22, GK,32,2880,-,-,-,-,-,55.9,0.4,1,6.44
250,251,Hugo Bueno,Wolves,21," D(L),M(L)",16(5),1316,-,1,1,-,0.2,84.5,0.5,-,6.44
251,252,Emmanuel Dennis,Nottingham Forest,26," M(CLR),FW",6(13),715,2,2,3,-,1.1,70.8,0.7,-,6.44
252,253,Harry Wilson,Fulham,27, AM(CLR),13(16),1099,2,3,1,-,0.6,80.3,0.1,1,6.43
253,254,Mads Roerslev,Brentford,24," D(R),M(R)",12(8),1103,-,-,-,-,0.2,64.6,0.4,-,6.43
254,255,Odsonne Édouard,Crystal Palace,26," AM(L),FW",20(15),1806,5,2,3,-,1.1,72.7,1.2,-,6.43
255,256,Illan Meslier,Leeds,24, GK,34,3060,-,-,3,-,-,56.2,0.3,3,6.42
256,257,Robert Sánchez,Brighton,26, GK,23,2070,-,-,2,-,-,74.7,0.3,-,6.42
257,258,Weston McKennie,Leeds,25," D(C),M(CLR)",16(3),1440,-,1,7,-,0.7,77.8,1.3,-,6.42
258,259,Oliver Skipp,Tottenham,23, DMC,18(5),1499,1,-,7,-,0.3,87.1,0.3,1,6.42
259,260,Emerson,West Ham,29," D(L),M(L)",16(6),1323,1,-,2,-,0.5,81.6,0.8,-,6.42
260,261,Junior Firpo,Leeds,27," D(L),M(L)",14(5),1368,1,1,5,1,0.1,73.1,0.9,1,6.42
261,262,Brenden Aaronson,Leeds,23, AM(CLR),28(8),2384,1,3,2,-,1.1,79.1,0.2,-,6.41
262,263,Lewis Cook,Bournemouth,27, M(CL),18(10),1715,-,2,4,-,0.2,81.8,0.3,-,6.41
263,264,Pablo Fornals,West Ham,28, M(CLR),17(15),1506,3,1,-,-,0.8,77.7,0.3,2,6.41
264,265,Lucas Digne,Aston Villa,30," D(CL),M(L)",18(10),1501,1,-,5,-,0.3,78.6,0.9,-,6.41
265,266,Frank Onyeka,Brentford,26, DMC,8(13),845,-,2,-,-,0.4,75.9,0.3,-,6.39
266,267,Scott McKenna,Nottingham Forest,27, D(C),19(1),1574,-,-,4,-,0.1,79.3,1.9,-,6.39
267,268,Cheikhou Kouyaté,Nottingham Forest,34," D(CR),DMC",10(11),880,1,-,3,-,0.3,75.5,0.9,-,6.38
268,269,Remo Freuler,Nottingham Forest,32, DMC,24(4),2167,-,-,4,-,0.3,79.6,0.9,-,6.38
269,270,Pedro Neto,Wolves,24," AM(CLR),FW",14(5),972,-,-,2,-,0.9,84.9,-,-,6.38
270,271,Theo Walcott,Southampton,35," M(CLR),FW",13(7),1134,2,2,1,-,1,72.9,0.5,-,6.38
271,272,Philippe Coutinho,Aston Villa,31, M(CLR),7(13),783,1,-,3,-,1.1,78.5,0.2,-,6.37
272,273,Patrick Bamford,Leeds,30," AM(CLR),FW",18(10),1523,4,2,3,-,1.8,69.9,1.3,-,6.36
273,274,Alejandro Garnacho,Man Utd,19, AM(LR),5(14),563,3,2,3,-,1.3,81.1,0.2,-,6.35
274,275,Kieffer Moore,Bournemouth,31, FW,12(15),1278,4,-,1,-,0.9,59.5,2.5,1,6.35
275,276,Jaidon Anthony,Bournemouth,24, AM(LR),11(19),1248,3,1,2,-,0.7,78.1,0.3,-,6.35
276,277,Mikkel Damsgaard,Brentford,23, AM(CL),9(17),982,-,-,4,-,0.5,72.8,0.4,-,6.35
277,278,Deniz Undav,Brighton,27," AM(C),FW",6(16),623,5,-,2,-,1.2,75.3,0.2,-,6.34
278,279,James Milner,Liverpool,38," D(LR),M(CLR)",7(24),893,-,1,2,-,0.2,81.4,0.4,-,6.34
279,280,Takehiro Tomiyasu,Arsenal,25, D(CLR),6(15),656,-,1,2,-,0.1,82.5,0.8,-,6.34
280,281,Jamie Vardy,Leicester,37," AM(L),FW",19(18),1855,3,4,1,-,0.8,53.3,1.3,-,6.33
281,282,Hwang Hee-Chan,Wolves,28," AM(CLR),FW",12(15),1131,3,1,1,-,0.7,78.4,0.3,-,6.32
282,283,Carlos Vinícius,Fulham,29, FW,11(17),1102,5,2,3,-,0.8,64.8,1,-,6.32
283,284,Adam Smith,Bournemouth,33," D(LR),M(LR)",34(3),2950,-,1,11,-,0.1,75.3,0.8,-,6.32
284,285,Nampalys Mendy,Leicester,31, M(C),7(12),751,1,-,1,-,0.1,88.3,0.2,-,6.31
285,286,Fábio Vieira,Arsenal,23," AM(CR),FW",3(19),502,1,2,-,-,0.7,84.6,0.1,-,6.31
286,287,Leander Dendoncker,Aston Villa,29," D(C),M(C)",7(13),690,-,-,-,-,0.1,88.2,0.5,-,6.31
287,288,Stuart Armstrong,Southampton,32, AM(CLR),14(18),1405,2,1,6,-,0.7,81.7,0.2,-,6.31
288,289,Tom Cairney,Fulham,33, M(CR),6(27),971,2,-,2,-,0.6,88,0.2,-,6.30
289,290,Elliot Anderson,Newcastle,21, AM(CL),3(19),396,-,1,-,-,0.5,77.8,0.5,-,6.30
290,291,Nathaniel Clyne,Crystal Palace,33," D(LR),M(R)",19(3),1642,-,-,3,-,-,80.8,0.3,-,6.29
291,292,Yves Bissouma,Tottenham,27, M(C),10(13),1005,-,-,6,-,0.3,91.3,0.3,-,6.29
292,293,Harry Toffolo,Nottingham Forest,28," D(L),M(L)",9(10),935,-,-,2,-,0.3,65.3,0.7,-,6.28
293,294,Sékou Mara,Southampton,21, FW,4(18),541,1,2,1,-,0.8,66,1.1,-,6.27
294,295,Adam Armstrong,Southampton,27," AM(CLR),FW",14(16),1336,2,1,2,-,0.8,75.4,0.2,-,6.27
295,296,Daniel James,Fulham,26," AM(CLR),FW",5(15),614,2,1,-,-,0.7,71.2,0.1,1,6.27
296,297,Christian Pulisic,Chelsea,25," M(CLR),FW",8(16),814,1,1,1,-,0.8,84.1,0.2,-,6.27
297,298,Will Hughes,Crystal Palace,29, M(CLR),7(20),830,1,1,4,-,0.2,81.8,0.2,-,6.27
298,299,Kieran Tierney,Arsenal,26," D(CL),M(L)",6(21),779,-,1,-,-,0.3,78.1,0.2,-,6.25
299,300,Diego Costa,Wolves,35, FW,16(7),1248,1,-,5,1,1.2,73.5,1.3,1,6.24
300,301,Shandon Baptiste,Brentford,26, AM(C),4(19),606,-,1,1,1,0.2,86,0.3,-,6.22
301,302,Tariq Lamptey,Brighton,23," D(LR),M(R)",3(17),443,-,-,1,-,0.3,86.2,0.1,-,6.21
302,303,Neal Maupay,Everton,27," AM(C),FW",11(16),1115,1,-,4,-,1.2,76.5,0.6,-,6.20
303,304,Dennis Praet,Leicester,29, AM(CR),6(16),641,1,-,1,-,0.2,77.8,-,-,6.19
304,305,Jean-Philippe Mateta,Crystal Palace,26, FW,6(23),754,2,-,3,-,0.9,70.5,0.9,-,6.17
305,306,Flynn Downes,West Ham,25, M(C),7(14),758,-,-,2,-,0.2,88.4,0.4,-,6.13
306,307,Tom Davies,Everton,25, M(C),4(15),530,-,-,3,-,0.5,74.8,0.4,-,6.12
307,308,Sam Surridge,Nottingham Forest,25, FW,1(19),308,1,-,2,-,0.5,51.9,0.7,-,6.09
