,Name,Team,Age,Position,Apps,Mins,Goals,Assists,Yellow,Red,SpG,PS,Aerialswon,MotM,Rating,Tackles,Inter,Fouls,Offsides,Clear,Drb_def,Blocks,OwnG,Drb_off,Fouled,Off,Disp,UnsTch,AvgP,PSp,Crosses,LonB,ThrB
0,Lionel Messi,Barcelona,36," AM(CR),FW",29(5),2710,36,13,3,-,5,81.3,0.2,17,8.48,0.4,0.1,0.6,-,-,0.5,-,-,3.9,1.9,0.5,2.3,2.3,53.8,81.3,0.4,3.4,0.9
1,Luis Suárez,Barcelona,37," AM(CLR),FW",31(2),2830,21,6,5,-,3.4,75.3,0.7,5,7.57,0.5,0.2,0.9,-,0.7,0.2,0.1,-,1.1,1.7,0.8,1.6,1.6,29.0,75.3,0.2,1.5,0.1
2,Iago Aspas,Celta Vigo,36," AM(CR),FW",26(1),2262,20,6,5,-,2.6,82.0,0.9,6,7.51,0.6,0.6,0.6,-,0.2,0.6,-,-,0.7,1.6,0.3,1.3,1.3,32.1,82.0,0.2,1.4,0.2
3,Dani Parejo,Valencia,35, M(C),35(1),3063,9,7,6,1,1.2,85.8,0.9,9,7.4,2,1.3,0.8,-,0.6,1.6,0.2,-,1,1.5,-,0.6,0.6,61.5,85.8,1.9,5.6,0.1
4,Karim Benzema,Real Madrid,36, FW,35(1),2964,21,6,1,-,2.9,82.6,1.2,7,7.38,0.7,0.2,0.6,-,0.7,0.4,-,-,1.3,0.6,1,1.3,1.3,32.9,82.6,0.1,1.1,0.1
5,Antoine Griezmann,Atletico,33," AM(CLR),FW",37,3204,15,9,5,-,3.1,78.3,1.1,4,7.29,0.8,0.3,0.5,-,0.6,0.5,-,-,0.5,0.9,0.3,1.3,1.3,37.5,78.3,0.6,1.3,0.1
6,Ousmane Dembélé,Barcelona,26," AM(CLR),FW",20(9),1673,8,5,1,-,1.3,80.7,0.3,3,7.25,0.8,0.2,0.8,-,0.1,0.4,-,-,2.3,0.8,0.3,1.5,1.5,31.4,80.7,0.8,1.0,0.1
7,Rodri,Atletico,27," D(C),DMC",32(2),2743,3,1,5,-,0.8,91.1,2.3,3,7.24,3,1.2,1.7,-,2,1.1,0.3,-,0.6,1.3,-,0.9,0.9,56.7,91.1,-,3.4,-
8,Wissam Ben Yedder,Sevilla,33," AM(C),FW",31(4),2821,18,9,4,-,2.2,73.9,1.1,3,7.23,0.5,0.3,0.7,-,0.1,0.3,-,-,1.3,0.7,0.9,1.1,1.1,21.6,73.9,0.1,0.5,0.1
9,Guillermo Maripán,Deportivo Alaves,29, D(C),22(1),2009,2,2,5,-,0.7,75.3,4.2,2,7.2,2,1.7,0.7,0.9,5.7,0.5,0.8,-,0.1,0.4,-,-,-,30.8,75.3,-,3.7,-
10,Gerard Piqué,Barcelona,37, D(C),35,3150,4,2,6,-,0.5,91.4,3.4,-,7.18,1.2,1,0.7,0.4,4.2,0.4,0.8,-,0.3,0.6,0.1,0.3,0.3,68.3,91.4,-,4.3,-
11,Saúl Ñíguez,Atletico,29," D(CL),M(CLR)",32(1),2925,4,1,10,-,1.6,78.8,2.9,4,7.17,2.5,1.3,1.7,0.1,2.2,1.5,0.3,1,1,0.8,0.2,1,1,44.9,78.8,0.1,1.5,0.1
12,Raúl García,Athletic Club,37," M(CLR),FW",27(6),2379,9,3,13,-,2.5,55.7,5.8,6,7.17,1.8,0.6,3,-,1.1,1.4,-,-,0.4,1.8,0.3,0.9,0.9,27.0,55.7,0.1,0.8,0.1
13,Pablo Sarabia,Sevilla,31," D(L),M(CLR),FW",30(3),2730,12,13,9,-,2.3,79.6,0.3,5,7.16,0.9,0.7,1.4,0.1,0.5,1.2,0.1,-,0.8,1.5,0.5,1.1,1.1,36.6,79.6,1.3,1.2,0.1
14,Casemiro,Real Madrid,32," D(C),DMC",27(2),2316,3,-,5,1,1.4,88.0,3,4,7.15,3,1.4,1.6,0.2,1.8,1.9,0.4,-,0.6,1.7,-,0.6,0.6,55.8,88.0,0.1,4.9,-
15,Joan Jordán,Eibar,29, M(C),32(4),2879,4,4,10,-,1.6,83.4,1.4,4,7.14,1.8,0.9,1.6,-,0.5,1.4,0.1,-,1.3,1,0.1,0.9,0.9,46.8,83.4,1.8,4.8,-
16,José Giménez,Atletico,29, D(CR),19(2),1772,-,-,5,-,0.7,80.5,2.7,-,7.13,1.2,2.1,0.4,0.2,6,0.6,0.7,-,0.3,0.9,-,0.1,0.1,34.2,80.5,-,4.1,-
17,José Campaña,Levante,30, M(CLR),36,3213,4,9,12,-,0.6,84.4,1.2,4,7.1,1.8,1.3,1.2,0.1,1.2,1.6,0.2,-,1.3,1,0.1,0.9,0.9,51.6,84.4,1.2,3.0,-
18,Santi Cazorla,Villarreal,39, M(CLR),30(5),2651,4,10,2,-,0.9,86.6,0.3,5,7.09,2,0.8,0.6,-,0.4,1.3,0.2,-,1.4,1.7,-,1.5,1.5,44.9,86.6,1.3,3.9,0.1
19,Toni Kroos,Real Madrid,34, M(C),26(2),2227,-,4,2,-,1.1,93.2,0.8,2,7.09,1.8,0.5,0.8,-,0.4,1.5,0.1,-,0.5,2,-,0.4,0.4,74.0,93.2,1.5,7.8,0.1
20,Koke,Atletico,32, M(CLR),29(1),2588,3,4,8,1,0.7,86.2,0.5,1,7.09,2.8,1,1.1,-,1.1,1.7,0.2,-,0.4,1.3,0.1,1.3,1.3,64.7,86.2,1,3.2,0.1
21,Jonathan Calleri,Deportivo Alaves,30, FW,33(1),2878,9,2,6,-,2.4,59.1,6,7,7.08,0.6,0.2,2.1,-,1.6,0.7,0.2,-,1.2,2.1,0.4,2.2,2.2,20.3,59.1,0.3,0.4,-
22,Éver Banega,Sevilla,35, M(C),32,2681,3,4,15,2,1,85.4,0.3,2,7.08,2.2,0.9,1.8,-,0.8,1.6,0.2,-,1.8,2.1,0.1,1.8,1.8,65.3,85.4,1,6.5,0.1
23,Ivan Rakitic,Barcelona,36, M(CL),29(5),2643,3,5,5,1,1.1,91.4,1.1,1,7.06,0.9,1.5,0.8,0.1,0.8,0.7,0.2,-,0.6,1.6,0.1,0.7,0.7,74.6,91.4,0.1,4.6,0.1
24,Rubén Rochina,Levante,33, M(CLR),23(4),1815,4,5,9,2,1.7,72.8,0.9,2,7.06,1.9,0.8,1.8,-,0.6,2.1,-,-,2.4,2,-,2.1,2.1,34.9,72.8,0.7,3.4,0.3
25,Giovani Lo Celso,Real Betis,28," M(CR),FW",27(5),2401,9,4,5,-,2,82.9,0.5,4,7.06,1.6,0.5,1.1,-,0.3,0.8,-,-,2,2.1,-,1.7,1.7,44.5,82.9,0.1,1.3,0.2
26,Cote,Eibar,34, D(L),34(1),3035,1,1,9,-,0.7,68.1,1.4,1,7.06,1.9,1.2,0.6,0.5,2.8,0.7,0.1,-,1.3,0.5,-,0.5,0.5,42.5,68.1,2,5.1,-
27,Enric Gallego,SD Huesca,37, FW,17(2),1541,5,1,4,-,1.7,55.1,5.3,2,7.05,1.1,0.4,2.4,0.1,1.6,0.8,0.1,-,0.7,1.5,1,1.2,1.2,19.7,55.1,0.2,0.1,0.1
28,Zouhair Feddal,Real Betis,34, D(C),19(2),1702,1,1,7,-,0.8,86.2,3.4,2,7.04,1.8,1.5,1.4,0.6,4.3,0.6,0.4,-,0.9,0.4,-,0.2,0.2,60.6,86.2,-,4.1,-
29,Rubén Peña,Eibar,32," D(LR),M(LR),FW",30(1),2674,1,2,3,-,0.7,71.5,0.7,1,7.04,2,1.1,0.8,0.5,1.3,0.9,0.3,-,2,1.1,-,0.9,0.9,43.5,71.5,1.6,3.9,-
30,Iborra,Villarreal,36, M(C),19,1667,3,1,7,-,0.9,80.4,4.6,-,7.04,1.6,1.2,1.5,-,2.2,1.2,0.4,-,0.4,1.9,0.1,0.7,0.7,41.6,80.4,-,1.9,0.2
31,Dani Carvajal,Real Madrid,32, D(R),23(1),2106,1,2,10,-,0.5,87.4,0.8,1,7.04,1.7,1.1,1.3,-,1.1,1,0.3,-,1.4,1.4,0.1,0.8,0.8,64.6,87.4,0.4,3.5,-
32,Adnan Januzaj,Real Sociedad,29, AM(CLR),13(7),1254,1,3,1,-,1.6,75.4,0.2,1,7.04,0.6,0.3,0.8,0.1,0.2,0.5,-,-,3.3,1.8,0.3,2.6,2.6,21.6,75.4,2,1.5,0.1
33,Luka Modric,Real Madrid,38, M(C),31(3),2618,3,6,6,-,1.1,88.9,0.4,1,7.03,1.4,0.9,0.8,-,0.2,1,0.1,-,1.6,1.4,0.1,1.2,1.2,55.6,88.9,0.6,4.1,0.1
34,Cristhian Stuani,Girona,37," AM(CLR),FW",30(2),2731,19,-,9,-,2.4,68.2,3.7,5,7.03,0.7,0.1,2.8,-,1.1,0.5,-,-,0.4,2.3,0.8,1.2,1.2,15.7,68.2,-,0.2,-
35,Sofiane Boufal,Celta Vigo,30," AM(CLR),FW",25(10),2100,3,3,6,-,1.5,80.0,0.5,1,7.03,1,0.3,1.2,-,0.2,0.9,-,-,4.1,1.7,-,1.8,1.8,22.9,80.0,0.3,0.8,0.1
36,Roberto Rosales,Espanyol,35," D(R),M(R)",20(1),1751,3,1,2,-,0.9,77.3,2.4,1,7.02,2.3,1,1.6,0.1,2.9,1.1,0.3,-,0.6,0.8,-,0.5,0.5,43.5,77.3,0.5,3.2,-
37,Jordi Alba,Barcelona,35," D(L),M(L)",32(4),2988,2,8,6,-,0.4,85.6,0.5,1,7.01,1.2,1.7,0.7,0.4,1.6,0.8,0.2,-,0.4,0.5,0.3,0.6,0.6,65.6,85.6,0.3,2.0,0.1
38,Leandro Cabrera,Getafe,32, D(CL),31(1),2794,2,-,9,1,0.7,50.6,5,2,7.01,1.5,1.6,1.1,0.9,6.7,0.5,0.5,1,0.1,0.4,0.1,0.1,0.1,30.0,50.6,0.2,4.5,-
39,Sergio Canales,Real Betis,33, M(CLR),30(2),2658,7,2,7,-,2.1,88.3,0.2,1,7.0,1.4,0.3,0.9,-,0.2,1.3,0.1,-,1.8,1.6,0.3,1.7,1.7,54.3,88.3,1.3,2.4,0.2
40,Sergio Busquets,Barcelona,35, DMC,30(5),2720,-,1,10,-,0.2,89.7,1.5,-,7.0,2.6,1.5,1.1,-,0.6,1.4,0.2,-,0.3,1.5,-,0.7,0.7,68.4,89.7,-,4.3,0.1
41,Iñaki Williams,Athletic Club,29," AM(CLR),FW",36(2),3040,13,4,3,-,2,70.3,2.1,5,7.0,0.7,0.2,1.1,-,0.8,0.4,-,-,1.4,1.4,0.6,1.5,1.5,18.1,70.3,0.2,0.2,0.1
42,Brais Méndez,Celta Vigo,27," AM(CR),FW",27(4),2354,6,7,5,-,2.3,78.5,1,1,6.99,2,0.8,1.2,-,0.6,1.3,0.1,-,0.6,2.1,0.4,1.2,1.2,35.9,78.5,0.9,1.3,-
43,Francis Coquelin,Valencia,32, M(CLR),20(6),1767,-,1,5,-,0.3,86.1,1.3,1,6.99,1.8,1.9,0.8,-,1.1,0.7,0.2,-,1,1.1,-,1,1,37.2,86.1,-,2.9,0.1
44,Diego Godín,Atletico,38, D(C),28(2),2508,3,1,7,-,0.5,80.5,3,1,6.98,1.7,1.5,1.1,0.2,4.5,0.7,0.3,1,0.3,0.8,-,-,-,34.9,80.5,-,3.1,-
45,José Gayà,Valencia,28," D(L),M(L)",35,3138,1,1,10,-,0.4,81.9,1,2,6.98,2.4,1.2,1,0.4,2.7,1,0.2,-,1.1,1.6,0.1,0.5,0.5,41.5,81.9,0.6,2.1,-
46,Yeray Álvarez,Athletic Club,29, D(C),30,2614,-,-,10,-,0.4,80.1,3.4,2,6.98,1.8,2.1,1,0.8,4.8,0.5,0.5,-,0.2,0.8,-,0.3,0.3,42.8,80.1,-,3.0,-
47,Marc Bartra,Real Betis,33," D(CR),DMC",33,2930,1,-,4,-,0.3,87.8,2.3,1,6.97,2.6,1.8,0.9,1.1,3.9,1.1,0.6,-,0.4,1.2,0.1,0.4,0.4,68.7,87.8,-,4.2,-
48,Jorge Molina,Getafe,42, FW,28(10),2651,14,5,2,-,1.5,66.7,2.4,4,6.97,0.3,0.2,1.2,-,0.7,0.3,-,-,0.9,1.2,0.6,1.3,1.3,19.3,66.7,0.1,0.4,0.2
49,Fabián Orellana,Eibar,38, AM(CLR),31(2),2739,3,5,4,-,2.4,77.8,0.8,5,6.97,1.3,0.6,0.7,-,0.1,1,-,-,2.5,1.8,0.2,3,3,35.3,77.8,0.7,1.3,0.1
50,Filipe Luís,Atletico,38, D(L),24(3),2038,2,2,4,-,0.4,83.1,0.7,-,6.96,2.4,1.6,1,-,1.4,1,0.1,-,0.9,0.5,0.1,0.7,0.7,47.7,83.1,0.3,1.5,-
51,Maxi Gómez,Celta Vigo,27, FW,33(2),2964,13,5,4,1,2.3,73.1,4,3,6.95,0.2,0.1,2,-,1.2,0.3,-,-,0.4,1.9,1.2,1.2,1.2,19.2,73.1,0.1,0.9,0.1
52,Geoffrey Kondogbia,Valencia,31," D(C),DMC",14(5),1244,1,1,1,-,1.2,84.4,1.3,2,6.95,2.5,1.4,1.1,-,1.2,0.8,0.4,-,1.2,1,-,1.1,1.1,39.2,84.4,-,3.8,0.2
53,Mario Hermoso,Espanyol,28, D(CL),31(1),2806,3,-,7,-,0.8,83.9,2.3,3,6.95,1.2,1.2,0.7,0.7,5.2,0.6,0.8,-,0.3,0.9,0.1,0.2,0.2,50.3,83.9,-,4.9,0.1
54,Raúl de Tomás,Rayo Vallecano,29, FW,32(1),2821,14,1,5,-,3.5,81.7,1.3,3,6.94,0.2,0.3,1.8,-,1.3,0.4,0.1,-,1.5,1.1,0.5,2.1,2.1,13.9,81.7,-,1.1,-
55,Dimitrios Siovas,Leganes,35, D(C),34,2965,1,-,5,-,0.6,72.3,3.1,1,6.94,1.7,1.9,0.9,0.3,4.4,0.6,0.4,-,0.4,0.3,0.1,0.3,0.3,39.7,72.3,0.1,3.6,-
56,André Silva,Sevilla,28, FW,25(2),2164,9,-,4,-,2.3,72.7,2.5,2,6.93,0.3,0.1,1.6,-,1.2,0.4,-,-,0.5,1,0.6,2.1,2.1,19.9,72.7,0.1,0.1,0.2
57,Thomas Partey,Atletico,30," D(R),M(CR)",22(10),2067,3,4,7,1,1.1,83.8,1.3,5,6.93,2.1,1.5,1,-,0.6,0.9,0.2,-,1.1,0.7,-,0.6,0.6,41.5,83.8,0.3,2.3,0.1
58,Aritz Elustondo,Real Sociedad,30, D(CR),24(3),2253,1,-,5,-,0.4,78.9,2.4,1,6.93,1.7,1.4,0.8,0.5,5.1,0.6,0.3,-,0.6,1,-,0.1,0.1,41.0,78.9,0.3,1.7,-
59,Jesús Navas,Sevilla,38," D(R),M(R)",31(1),2714,1,5,8,-,1,77.0,0.5,-,6.93,0.9,0.9,0.4,0.2,1.6,0.3,0.2,-,1.1,1,0.3,0.4,0.4,44.3,77.0,1.3,2.9,0.1
60,Gabriel Paulista,Valencia,33, D(CR),30,2625,-,1,6,-,0.4,86.7,2.1,1,6.93,1,2.3,0.8,0.6,5.2,0.5,0.7,-,0.1,1,-,0.1,0.1,43.3,86.7,-,3.8,-
61,Junior Firpo,Real Betis,27," D(L),M(L)",22(2),1937,3,4,7,-,0.8,82.9,1.5,1,6.93,1.6,1,1.3,0.1,1.5,0.6,0.1,-,1.3,1.1,0.2,0.6,0.6,38.9,82.9,0.3,0.8,-
62,Borja Iglesias,Espanyol,31, FW,35(2),3082,17,3,5,-,2.4,70.5,1.8,2,6.93,0.6,0.2,1.5,-,1.1,0.5,0.2,-,0.6,1.4,1.2,1.8,1.8,18.2,70.5,-,0.4,0.1
63,Philippe Coutinho,Barcelona,31, M(CLR),22(12),2023,5,2,2,-,2,87.9,0.2,-,6.93,0.5,0.4,0.6,-,0.1,0.4,0.1,-,1.5,1.3,0.2,1.4,1.4,40.8,87.9,0.2,1.2,0.1
64,Rodrigo,Valencia,33," M(CLR),FW",29(4),2534,8,6,3,1,2.4,74.4,1.5,1,6.93,0.6,0.1,0.7,-,0.5,0.4,-,-,1.3,1.2,0.4,1.1,1.1,25.1,74.4,0.1,1.1,0.1
65,Ezequiel Garay,Valencia,37, D(C),24,2137,2,-,4,-,0.5,83.6,3,-,6.92,0.8,0.7,0.8,0.4,5.7,0.4,1,-,0.1,0.5,-,-,-,44.6,83.6,-,4.1,-
66,Sergio Ramos,Real Madrid,38, D(CR),28,2476,6,1,5,1,1.1,92.1,2.2,2,6.91,1.5,1.3,1,1,3,0.6,0.5,-,0.1,1.3,0.2,0.1,0.1,68.5,92.1,-,7.1,-
67,Youssef En-Nesyri,Leganes,26, FW,22(9),2106,9,2,7,-,2.4,56.8,4.7,4,6.91,0.5,0.2,1.2,-,0.7,0.6,0.1,1,0.9,1.3,0.5,1.7,1.7,15.0,56.8,0.2,0.5,-
68,Guido Carrillo,Leganes,32, FW,23(9),1995,6,1,5,-,1.8,63.7,6.6,4,6.91,0.8,0.3,1.3,-,0.8,0.4,-,-,0.3,0.9,0.3,0.7,0.7,20.0,63.7,-,0.3,-
69,Sergi Roberto,Barcelona,32," D(R),M(CR)",23(6),2089,-,7,3,-,0.3,90.5,1,1,6.91,1,1.5,0.6,0.1,0.9,0.3,0.1,-,0.5,1.1,-,0.7,0.7,55.9,90.5,0.2,1.0,0.1
70,Santiago Arias,Atletico,32," D(R),M(R)",20(5),1771,1,1,4,-,0.4,81.9,1.7,1,6.91,1.9,1.4,0.8,-,1.4,0.4,0.1,-,0.3,1.3,0.1,0.4,0.4,31.6,81.9,0.4,0.6,-
71,Marc Roca,Espanyol,27," D(C),DMC",35,3116,1,2,9,-,0.7,86.9,1.3,-,6.9,2.1,1,1.7,0.1,1.7,1.2,0.6,-,0.8,0.8,-,0.7,0.7,55.9,86.9,-,4.3,0.3
72,Jan Oblak,Atletico,31, GK,37,3330,-,-,-,-,-,49.4,0.2,2,6.9,-,-,-,-,0.6,-,-,-,-,0.1,-,-,-,20.5,49.4,-,6.2,-
73,Jorge Miramón,SD Huesca,34," D(R),M(R)",30,2496,1,-,5,-,0.4,75.1,1,1,6.9,2.4,1.5,0.9,0.4,1.8,0.6,0.4,-,1.1,0.4,-,0.5,0.5,32.8,75.1,0.8,2.6,-
74,Óscar Rodríguez,Leganes,25," AM(CLR),FW",29(2),2515,4,3,5,-,2,75.4,0.7,1,6.9,1.5,0.5,1,-,0.4,1.4,0.1,-,1.2,0.9,0.1,1.1,1.1,30.6,75.4,1.3,1.7,-
75,Gonçalo Guedes,Valencia,27," AM(CLR),FW",18(7),1474,5,3,2,-,1.4,75.9,0.4,1,6.89,1.2,0.3,0.8,-,-,1.2,-,-,1.4,2,0.3,1,1,23.9,75.9,0.4,0.9,0.1
76,Jony,Deportivo Alaves,32, M(LR),34(2),2985,5,10,3,-,1.5,65.3,0.1,1,6.89,0.6,0.6,0.9,-,0.3,0.8,-,-,1.7,0.9,0.4,1.7,1.7,21.6,65.3,2,1.7,0.1
77,Rubén Alcaraz,Real Valladolid,33, DMC,34,2978,3,2,13,-,1.5,83.6,1.5,2,6.89,2.8,1.1,2,0.1,1.4,1.7,0.3,-,0.7,3.2,-,1.2,1.2,50.4,83.6,0.2,5.3,-
78,Arturo Vidal,Barcelona,36, M(CR),22(11),1929,3,7,7,-,0.7,89.0,1.2,-,6.89,2.4,0.9,1.8,0.1,0.6,1.2,0.2,-,0.2,1,-,0.5,0.5,45.4,89.0,0.1,1.6,0.1
79,Antunes,Getafe,37," D(L),M(L)",25(3),2182,1,3,5,-,1,58.2,0.8,-,6.89,1.5,1.5,1.3,0.4,2.1,0.6,0.3,-,0.8,0.7,-,0.5,0.5,28.2,58.2,1.5,2.9,-
80,Jonathan Silva,Leganes,29," D(CL),M(L)",30,2700,3,6,9,-,0.8,71.7,0.6,-,6.89,1.7,1,1.7,0.1,2.3,1,0.1,-,0.4,0.7,0.1,0.4,0.4,29.6,71.7,1.4,1.6,-
81,Sergio Asenjo,Villarreal,34, GK,32,2880,-,-,-,-,-,60.3,0.3,2,6.89,-,0.1,-,-,1.2,-,-,-,-,0.1,-,-,-,21.4,60.3,-,6.4,-
82,Damián Suárez,Getafe,36," D(R),M(R)",36,3240,-,3,13,-,0.4,65.0,0.9,-,6.89,2.7,1.3,1.6,0.6,1.4,1.9,0.2,-,0.6,1.5,0.1,0.6,0.6,36.8,65.0,1.7,4.0,-
83,Mikel Merino,Real Sociedad,27, M(C),24(5),2061,3,3,8,1,0.8,79.6,2.9,2,6.88,1.7,1,2.4,-,1.2,1.3,0.1,-,1,1.3,-,1.6,1.6,37.6,79.6,0.2,1.9,0.1
84,Jaime Mata,Getafe,35," AM(L),FW",27(7),2437,14,6,10,-,1.7,62.9,2.9,3,6.88,0.9,0.5,2.3,-,0.8,0.6,-,-,0.4,1.5,0.9,1.1,1.1,19.1,62.9,0.1,0.6,-
85,Ximo Navarro,Deportivo Alaves,34, D(CLR),28(3),2533,2,2,7,-,0.4,79.1,1.6,1,6.88,1.8,1.5,0.6,0.5,4.2,0.4,0.4,-,0.5,1.2,-,0.5,0.5,26.5,79.1,0.5,2.0,-
86,Gareth Bale,Real Madrid,34," M(CLR),FW",21(8),1794,8,3,4,-,2.6,78.3,1.3,2,6.88,0.6,0.4,0.6,-,0.4,0.5,0.1,-,0.8,0.7,0.5,0.7,0.7,23.8,78.3,0.4,1.5,-
87,Clément Lenglet,Barcelona,28, D(C),22(1),1935,1,-,8,1,0.3,89.4,1.9,1,6.88,2,0.9,1.3,0.7,3,0.6,0.9,1,0.3,0.6,-,0.1,0.1,49.8,89.4,-,3.0,-
88,Daniel Carriço,Sevilla,35," D(C),DMC",24,2132,1,1,10,-,0.4,79.7,2.5,1,6.88,1.5,1.3,1.3,0.8,4.3,0.3,0.5,-,0.3,0.3,-,0.3,0.3,41.7,79.7,-,3.0,-
89,Pedro Alcalá,Girona,35, D(C),20(5),1869,1,1,9,-,0.6,79.4,3.5,1,6.88,1.3,1.4,0.8,0.6,4.8,0.3,0.7,-,0.2,0.5,0.1,0.2,0.2,34.5,79.4,-,2.6,-
90,Okay Yokuslu,Celta Vigo,30," D(C),DMC",26(4),2205,2,-,10,-,0.6,86.1,2.6,1,6.87,2,1.2,1.4,0.1,1.7,0.6,0.4,-,0.9,1.1,-,0.7,0.7,46.2,86.1,-,2.7,-
91,Simon Kjær,Sevilla,35, D(C),25(1),2016,-,-,5,-,0.5,85.7,3,-,6.87,1.1,1,0.8,0.8,5.2,0.3,1.3,-,-,0.5,-,-,-,34.9,85.7,-,2.5,0.1
92,Nacho Martínez,Real Valladolid,35," D(LR),M(L)",35,3150,1,3,10,-,0.5,71.0,0.9,2,6.87,3.1,1.3,0.8,0.2,2.3,0.9,0.3,-,0.4,1,0.2,0.3,0.3,39.4,71.0,0.7,2.7,-
93,Alejandro Granell,Girona,35," DMC,M(L)",26(6),2392,-,4,5,-,1.2,76.1,1,1,6.87,2,1.1,1,-,1,1.5,0.2,-,0.7,1.5,-,0.8,0.8,40.8,76.1,1.7,3.4,0.1
94,Franco Vázquez,Sevilla,35," AM(CLR),FW",26(8),2290,3,4,8,1,1.3,79.3,2,-,6.87,1.5,0.7,1.5,-,0.7,1.3,0.1,-,1.3,2.1,0.1,1.8,1.8,31.4,79.3,0.2,1.4,0.2
95,Thomas Lemar,Atletico,28, AM(CLR),22(9),1829,3,3,4,-,0.8,85.2,0.3,1,6.87,1.2,0.7,0.7,-,0.1,0.7,-,-,1.5,1.1,0.2,1.5,1.5,30.3,85.2,0.7,1.0,0.1
96,Joaquín,Real Betis,42," M(CLR),FW",17(13),1697,6,-,5,-,0.8,84.8,0.5,1,6.87,0.3,0.5,0.3,0.1,1,0.1,0.1,-,1.6,1.1,0.1,0.9,0.9,28.2,84.8,0.9,0.7,-
97,Yuri Berchiche,Athletic Club,34," D(L),M(L)",35,3121,2,2,9,1,0.8,81.9,2.2,1,6.87,1.3,1.2,1.1,0.1,2,0.7,0.3,-,0.9,2.2,0.1,0.5,0.5,39.1,81.9,0.6,1.1,-
98,Hugo Mallo,Celta Vigo,32," D(CR),M(R)",35,3094,1,4,11,-,0.7,74.6,1.7,-,6.86,2.1,1.4,1.5,0.3,3.3,0.7,0.4,-,0.6,0.8,0.3,0.5,0.5,42.6,74.6,0.9,2.2,-
99,José Luís Morales,Levante,36," D(R),M(CLR),FW",35(2),3197,12,5,7,-,1.8,71.1,0.4,2,6.86,0.6,0.3,0.8,-,0.3,1.1,-,-,1.9,1.4,0.6,2.3,2.3,18.8,71.1,0.2,0.8,0.1
100,Pape Diop,Eibar,38, M(C),27(1),2356,1,1,11,-,1.3,73.2,3.6,-,6.85,2.4,1.3,2.4,-,0.9,0.7,-,-,0.6,1.7,-,0.4,0.4,40.3,73.2,0.1,2.0,-
101,Iñigo Martínez,Athletic Club,32, D(C),33,2903,-,-,12,-,0.8,78.0,2.9,-,6.85,1.6,2.1,1.2,0.5,4.3,0.4,0.4,-,0.1,1.7,-,0.2,0.2,43.6,78.0,0.1,5.3,-
102,Esteban Granero,Espanyol,36, M(CLR),24(4),2020,3,1,11,-,1.1,86.2,0.8,2,6.85,1.8,0.9,1.4,-,1.1,1.2,0.3,-,1.2,1.5,-,1.3,1.3,40.0,86.2,0.8,2.0,-
103,Marc Muniesa,Girona,32, D(CL),15(4),1403,-,-,6,-,0.4,80.7,1.6,1,6.83,2.6,1.9,1.1,0.1,2.1,0.7,0.3,-,0.6,1.1,-,0.3,0.3,40.3,80.7,0.4,2.3,0.1
104,Cristiano Piccini,Valencia,31, D(CR),21(2),1868,1,-,3,-,0.5,78.5,1.1,1,6.83,1.4,1.2,0.8,0.2,2.5,0.6,0.3,-,1.3,0.6,-,0.6,0.6,33.5,78.5,0.5,1.1,-
105,Théo Hernández,Real Sociedad,26," D(CL),M(L)",22(2),1977,1,2,5,1,1,82.8,0.9,3,6.83,2.3,1.4,1.2,0.1,1.5,0.7,0.2,-,1.8,2.9,0.2,1.1,1.1,37.9,82.8,0.4,0.7,-
106,Mikel Oyarzabal,Real Sociedad,27," AM(CLR),FW",36(1),3160,13,2,2,-,1.8,73.9,1.2,1,6.83,1,0.4,0.9,0.1,0.6,1,0.1,1,1.3,1,0.3,2.1,2.1,25.0,73.9,0.5,0.8,0.1
107,Karl Toko-Ekambi,Villarreal,31," AM(LR),FW",24(10),2149,10,1,5,-,1.7,74.7,1,2,6.83,0.3,0.3,0.8,-,0.3,0.4,-,-,1.5,0.9,0.6,0.8,0.8,14.7,74.7,0.1,0.4,-
108,Javi López,Espanyol,38," D(R),DMC",21(2),1949,-,-,3,1,0.3,78.1,1.5,1,6.83,2.7,1.7,1.4,0.3,3.3,1.4,0.2,-,0.8,1.5,-,0.7,0.7,37.0,78.1,0.4,1.3,-
109,Iker Muniain,Athletic Club,31, AM(CLR),27(7),2387,7,4,7,-,0.7,85.9,0.2,1,6.83,0.9,0.4,0.8,-,0.2,0.7,0.1,-,1.9,2.3,-,1.6,1.6,34.9,85.9,0.2,1.0,0.2
110,Oier Olazábal,Levante,34, GK,21,1890,-,-,1,-,-,54.4,0.2,4,6.82,-,-,-,-,1.3,-,-,-,-,0.1,-,-,-,22.8,54.4,-,7.0,-
111,Djené Dakonam,Getafe,32," D(CR),DMC",34,2981,-,-,11,2,0.4,71.9,2.6,3,6.81,1.6,2.2,1.5,0.9,4.4,0.5,0.3,-,0.5,0.9,-,0.3,0.3,28.6,71.9,0.1,3.1,-
112,Igor Zubeldia,Real Sociedad,27," D(C),DMC",29(4),2552,-,1,7,-,0.5,85.8,1.8,3,6.81,1.8,1.4,1.1,-,1.7,1,0.2,-,1.2,0.4,-,0.8,0.8,36.4,85.8,-,2.4,-
113,Marcelo,Real Madrid,35," D(L),M(L)",21(2),1841,2,2,6,-,1.5,83.5,0.3,1,6.81,1.5,0.7,0.8,0.3,0.6,1,0.1,-,1.4,0.9,0.2,0.6,0.6,57.6,83.5,0.8,3.4,-
114,Toni Villa,Real Valladolid,29, AM(CLR),21(5),1774,2,2,3,-,1.3,78.0,0.1,1,6.8,2,0.5,1.1,-,0.2,1,-,-,2.1,1.6,0.1,2.3,2.3,21.2,78.0,0.3,0.6,-
115,Sergi Enrich,Eibar,34, FW,30(5),2593,7,4,4,-,1.9,71.5,5,2,6.8,0.8,0.2,1.9,-,0.3,0.7,-,-,0.3,0.9,1.1,1.3,1.3,26.4,71.5,-,0.6,-
116,Joseba Zaldúa,Real Sociedad,31, D(R),25(1),2142,1,2,7,-,0.2,77.4,1.8,-,6.8,1.4,1.5,1.3,-,2.5,0.7,0.1,-,0.8,2.5,-,0.4,0.4,34.6,77.4,0.8,1.5,-
117,Ramiro Funes Mori,Villarreal,33," D(C),DMC",29(2),2628,2,1,15,-,0.8,81.0,2.3,-,6.8,1.3,1.4,1,0.6,4.7,0.8,0.8,1,0.2,0.7,0.1,0.2,0.2,39.1,81.0,-,4.0,-
118,Borja García,Girona,33, AM(CL),30(3),2639,1,3,-,1,1,82.8,0.7,1,6.8,1.2,1.2,0.6,-,0.4,0.7,0.1,-,1.1,3.1,0.1,1.6,1.6,39.0,82.8,0.3,2.3,0.3
119,Dídac Vilá,Espanyol,34," D(L),M(L)",27,2358,-,2,10,-,0.9,73.2,1.8,-,6.79,2.4,2,1.4,0.1,3,1,0.4,-,0.3,1.1,-,0.6,0.6,41.1,73.2,0.4,2.5,-
120,William Carvalho,Real Betis,32, M(C),26(4),2387,-,5,7,-,0.3,89.0,1.3,-,6.79,1.5,0.4,0.8,-,1,0.4,-,-,1.4,1.2,0.1,1.2,1.2,63.5,89.0,-,3.4,0.1
121,David Juncà,Celta Vigo,30, D(L),21,1758,-,3,6,-,0.3,83.5,1.2,1,6.79,2.6,1.7,1.2,0.4,2.1,0.9,0.3,-,0.6,1,-,0.3,0.3,39.5,83.5,0.6,1.5,-
122,Gerard Moreno,Villarreal,32," AM(CR),FW",25(10),2317,8,1,3,-,2,71.8,1.8,3,6.79,0.6,0.3,1.1,-,1.1,0.5,0.3,-,0.9,1.1,0.6,1.4,1.4,21.1,71.8,0.1,1.3,0.1
123,Abdoulaye Ba,Rayo Vallecano,33, D(C),25(1),2113,1,-,4,2,0.3,82.4,2.7,1,6.78,1.8,1.1,0.9,0.8,6,0.4,0.7,-,0.2,0.5,-,0.1,0.1,40.3,82.4,-,3.7,-
124,Nemanja Maksimovic,Getafe,29, M(C),36,3211,1,-,5,-,0.9,75.6,2.3,-,6.78,2.1,2,0.5,0.1,0.8,1.1,0.4,-,0.3,0.3,-,0.6,0.6,21.4,75.6,-,0.8,-
125,Samuel Chukwueze,Villarreal,24, AM(CR),19(7),1711,5,2,2,-,2.2,73.4,0.6,1,6.78,0.7,0.4,0.8,-,-,0.8,0.1,-,2,0.8,0.7,1.2,1.2,19.4,73.4,0.1,1.0,-
126,Marco Asensio,Real Madrid,28," AM(CLR),FW",19(11),1779,1,4,3,-,1.5,86.8,0.1,-,6.78,0.4,0.5,0.6,-,0.1,0.7,-,-,1.4,0.7,0.3,0.5,0.5,30.4,86.8,0.8,1.0,0.2
127,Kenneth Omeruo,Leganes,30, D(C),27(1),2434,-,-,7,-,0.1,80.3,1.9,1,6.78,1.8,1.3,0.6,0.4,5.6,0.3,0.4,-,0.3,0.4,-,0.1,0.1,34.4,80.3,-,3.7,-
128,Sergi Darder,Espanyol,30, M(CLR),32(2),2718,4,2,6,1,1.6,79.8,0.5,4,6.78,1.8,0.6,0.9,0.1,0.7,1.3,0.1,-,1,0.9,-,0.7,0.7,36.3,79.8,0.6,1.9,0.2
129,Raphaël Varane,Real Madrid,31, D(C),31(1),2757,2,-,-,1,0.6,89.0,2.9,-,6.78,1,1,0.3,0.7,4.3,0.1,0.3,-,0.2,0.4,-,0.2,0.2,53.3,89.0,-,4.1,-
130,Adri Embarba,Rayo Vallecano,31," AM(CLR),FW",27(9),2291,5,6,3,1,1.4,71.9,0.6,1,6.78,1.5,0.8,1.2,0.1,0.3,1.1,0.1,-,1.3,1,0.3,1.4,1.4,16.2,71.9,1.5,0.6,0.1
131,Cristian Tello,Real Betis,32, M(LR),13(16),1560,4,6,4,-,1.2,85.5,0.1,1,6.78,1.1,0.6,0.2,-,0.3,0.6,-,-,0.9,0.4,0.2,0.5,0.5,26.8,85.5,0.3,1.1,-
132,Tomás Pina,Deportivo Alaves,36, M(C),27(1),2343,2,-,13,-,0.4,82.8,2.1,1,6.77,2.3,1.5,2.1,-,1.4,1,0.1,-,0.4,1.8,-,0.6,0.6,37.6,82.8,-,1.6,-
133,Rubén Duarte,Deportivo Alaves,28, D(CL),33,2777,-,-,10,1,0.7,67.2,1.6,-,6.77,2.2,1.7,1.1,0.3,3.3,0.9,0.4,-,0.2,1.8,-,0.2,0.2,27.9,67.2,0.8,2.3,-
134,Carlos Soler,Valencia,27, M(CLR),27(4),2466,2,6,9,-,1.3,79.5,0.8,1,6.77,1.3,0.6,1.7,-,1,1.6,0.2,1,0.8,1.6,-,1,1,29.1,79.5,0.5,1.2,0.1
135,Mikel Vesga,Leganes,31, DMC,23(3),2075,1,1,3,-,0.5,80.1,1.9,-,6.77,1.9,1.5,1.2,-,1,2.4,0.2,-,0.7,0.9,-,1.1,1.1,30.2,80.1,0.2,1.6,-
136,Bernardo Espinosa,Girona,34, D(C),31,2729,1,1,2,2,0.5,86.0,4.2,1,6.77,0.6,1.3,1.1,0.8,6.3,0.3,1,-,0.1,0.2,0.1,0.1,0.1,44.9,86.0,-,3.3,-
137,Víctor Laguardia,Deportivo Alaves,34, D(C),36,3240,1,2,12,-,0.5,70.5,2.2,-,6.76,1.3,1.5,0.7,0.8,6.2,0.3,0.5,1,-,0.4,0.1,0.1,0.1,35.2,70.5,-,4.2,-
138,Dani Ceballos,Real Madrid,27, M(CL),13(10),1248,3,-,3,-,1,92.6,0.4,-,6.76,1.4,0.7,0.7,-,0.2,0.9,-,-,0.6,1.7,-,1.2,1.2,44.1,92.6,0.1,2.0,-
139,Mauro Arambarri,Getafe,28, DMC,32(1),2687,1,2,8,-,0.9,69.4,1.7,1,6.76,1.8,0.9,2,0.1,1,1.6,0.3,1,1,1.7,-,0.8,0.8,22.4,69.4,0.1,3.2,-
140,David Soria,Getafe,31, GK,37,3330,-,-,-,-,-,40.4,0.3,2,6.76,-,-,-,-,1.2,-,-,-,-,0.1,-,-,-,28.0,40.4,-,10.1,-
141,Jason,Levante,29, M(LR),26(4),2333,2,5,10,-,1.1,69.1,1.1,-,6.76,1.5,1.5,0.9,0.1,0.8,1.7,0.1,-,1,1.7,0.1,1.1,1.1,21.7,69.1,0.4,1.0,0.1
142,Juanpe,Girona,33, D(C),31(2),2769,-,-,8,-,0.6,81.5,3.3,2,6.76,1.5,1.7,1.2,0.5,4,0.6,0.5,-,0.3,0.3,0.1,-,-,46.9,81.5,-,3.5,-
143,Jorge Pulido,SD Huesca,33, D(CR),32,2790,3,3,9,2,0.6,75.4,2.3,-,6.75,2,1.5,1.6,0.5,4.7,0.6,0.6,1,0.2,1,0.2,0.3,0.3,28.8,75.4,0.2,1.8,-
144,Asier Illarramendi,Real Sociedad,34, M(C),20(3),1822,1,1,8,-,0.6,84.9,1.3,-,6.75,1.7,1.3,1.5,-,1.9,1.3,0.4,-,0.3,1.5,-,0.6,0.6,53.8,84.9,0.2,3.0,0.2
145,Diego Llorente,Real Sociedad,30," D(C),DMC",20(1),1755,-,-,5,-,0.3,84.8,2.8,1,6.74,1.2,1.2,1,0.8,3.8,0.6,0.7,1,0.1,0.6,-,0.1,0.1,52.3,84.8,-,4.1,-
146,Willian José,Real Sociedad,32, FW,28(3),2374,11,5,5,1,1.8,74.8,1.4,2,6.74,0.2,-,1.1,-,0.9,0.2,0.2,-,0.6,1,0.6,1.7,1.7,24.4,74.8,0.1,2.0,-
147,Christian Rivera,SD Huesca,26, M(C),19(3),1694,2,-,2,-,0.6,79.5,1.1,1,6.74,1.7,1.4,0.8,-,1.2,0.6,0.2,-,0.8,0.5,-,0.7,0.7,31.0,79.5,-,1.7,-
148,Denis Cheryshev,Valencia,33," AM(L),FW",19(8),1709,2,2,2,-,1.2,69.0,1.3,-,6.74,1.7,0.6,1.6,-,0.4,0.7,0.1,-,0.7,0.7,0.4,0.6,0.6,22.4,69.0,0.7,0.8,-
149,Unai Bustinza,Leganes,32, D(CR),24(1),2029,-,1,9,1,0.2,71.4,2.3,1,6.74,1.6,2.1,1.2,0.5,4.2,0.6,0.5,-,0.1,1.2,-,0.3,0.3,34.6,71.4,0.2,3.4,-
150,Fernando Pacheco,Deportivo Alaves,31, GK,35,3150,-,-,3,-,-,52.4,0.3,2,6.74,-,-,-,-,1.1,-,-,-,-,0.1,-,-,-,27.3,52.4,-,9.3,-
151,Daniel Wass,Valencia,34," D(LR),M(CLR)",26(6),2356,1,3,4,-,0.9,78.0,1.3,-,6.74,1.1,1.1,0.9,0.1,1.3,0.7,0.1,1,0.3,1.3,0.1,0.4,0.4,35.9,78.0,0.5,1.4,-
152,Álex Moreno,Rayo Vallecano,30," D(L),M(L)",36,3140,1,1,5,-,0.7,76.3,0.8,1,6.73,1.8,1.1,1.1,0.5,2.2,0.7,0.3,-,1.6,1.2,0.2,1.2,1.2,30.6,76.3,0.4,1.3,-
153,Néstor Araújo,Celta Vigo,32, D(C),30(2),2682,3,-,1,1,0.4,86.0,2.2,1,6.73,1.3,1.1,0.5,0.6,4.6,0.1,0.7,-,0.1,0.1,-,0.1,0.1,46.6,86.0,0.1,2.5,-
154,Fernando Calero,Real Valladolid,28," D(C),DMC",35(1),3130,1,-,7,-,0.3,83.6,1.9,1,6.73,1.4,1.5,1,0.5,4.6,0.4,0.9,-,0.3,0.3,-,0.1,0.1,40.3,83.6,-,2.8,-
155,Enis Bardhi,Levante,28," M(CLR),FW",31(5),2842,3,4,6,-,1.8,76.4,0.3,-,6.73,1.9,0.9,1.7,-,0.9,1.6,0.1,-,1.2,1.3,0.1,1.6,1.6,30.6,76.4,0.4,1.6,0.1
156,Yassine Bounou,Girona,33, GK,32,2862,-,-,2,-,-,62.7,0.2,1,6.73,-,-,-,-,0.5,0.1,-,1,-,0.1,-,-,-,26.5,62.7,-,7.1,-
157,Alfonso Pedraza,Villarreal,28," D(L),M(L)",22(12),2089,3,3,3,-,1.1,75.8,0.8,2,6.72,1.7,0.9,1.2,0.1,1.3,1.2,0.2,-,0.9,0.4,0.2,0.4,0.4,20.9,75.8,0.5,0.5,0.1
158,Gabriel Mercado,Sevilla,37, D(CR),19(4),1738,2,1,10,-,0.5,82.0,2,-,6.72,1.5,1.1,1.4,0.3,3,0.8,0.5,-,-,0.8,0.1,0.1,0.1,32.3,82.0,0.1,1.8,-
159,Roberto Santamaría,SD Huesca,39, GK,20,1800,-,-,1,-,-,50.0,0.1,-,6.72,-,0.1,-,-,0.7,-,-,-,-,0.2,-,-,-,27.3,50.0,-,11.2,-
160,David López,Espanyol,34," D(C),DMC",21,1820,-,-,4,-,0.4,88.3,2.5,1,6.72,1.3,1.3,0.9,0.9,3.1,0.6,0.6,1,0.3,0.8,-,0.1,0.1,57.5,88.3,-,4.4,-
161,Diego López,Espanyol,42, GK,38,3420,-,-,2,-,-,65.9,0.2,2,6.72,-,0.1,-,-,0.5,-,-,-,-,0.1,-,-,-,28.1,65.9,-,6.9,-
162,Iván Ramis,Eibar,39, D(C),20(1),1682,-,-,4,-,0.8,79.4,3,-,6.72,1.1,0.9,0.5,1.2,3,0.3,0.2,-,0.2,0.5,0.1,-,-,38.5,79.4,-,5.4,-
163,Pablo Fornals,Villarreal,28, M(CLR),28(7),2483,2,3,4,-,1.7,78.1,0.6,1,6.71,1.4,0.7,0.9,-,0.5,1.1,0.1,-,1.1,1.2,0.1,1.5,1.5,32.3,78.1,0.2,1.5,0.1
164,Thibaut Courtois,Real Madrid,31, GK,27,2430,-,-,2,-,-,72.5,0.3,1,6.71,-,0.1,-,-,0.3,0.1,-,-,-,0.2,-,-,-,24.9,72.5,-,3.9,-
165,Santi Mina,Valencia,28," AM(LR),FW",23(7),1860,7,5,4,-,1.4,73.0,1.4,2,6.71,0.6,0.1,1.3,-,0.6,0.7,0.1,-,0.4,1.4,0.4,1.6,1.6,15.4,73.0,0.1,0.5,0.1
166,Míchel Herrero,Real Valladolid,35, M(CR),27(8),2554,1,2,9,-,0.6,84.7,0.7,1,6.71,1.7,1.2,1.2,-,0.7,1.6,0.1,-,0.6,0.6,0.1,0.7,0.7,45.8,84.7,0.9,4.5,-
167,Mario Gaspar,Villarreal,33," D(CR),M(R)",30(1),2602,1,2,15,1,0.8,77.2,1.7,-,6.71,2,1.4,1.6,0.3,2.7,0.6,0.4,-,0.4,0.4,-,0.4,0.4,34.0,77.2,0.3,1.2,-
168,Kiko Olivas,Real Valladolid,35, D(C),35,3102,-,-,6,-,0.2,88.1,1.9,-,6.71,1.5,1.3,0.5,0.5,4.7,0.7,0.5,-,0.5,1.1,-,0.2,0.2,38.5,88.1,-,2.2,-
169,Sidnei,Real Betis,34, D(C),20(4),1743,1,-,4,-,0.4,89.5,1.4,2,6.71,2,1.7,0.6,0.5,2.1,0.7,0.3,-,0.5,0.7,-,0.3,0.3,51.8,89.5,-,3.0,-
170,Sergi Gómez,Sevilla,32, D(CR),31(1),2766,-,-,1,-,0.3,84.6,2.6,-,6.7,1.5,1.3,0.9,0.5,4,0.3,0.6,-,-,0.2,0.1,0.1,0.1,45.5,84.6,0.1,4.4,-
171,Santi Comesaña,Rayo Vallecano,27, M(C),23(2),2032,1,1,6,-,0.3,84.9,1.6,-,6.7,2.2,1.2,1.1,0.1,1.6,1.6,0.2,-,1,1.1,-,1.2,1.2,42.7,84.9,0.1,3.4,-
172,Anaitz Arbilla,Eibar,36, D(CLR),22(3),1950,1,2,4,1,0.7,75.3,2.4,-,6.7,1.2,1.8,0.6,1.3,3.6,0.4,0.2,-,0.2,0.2,-,0.2,0.2,44.6,75.3,-,6.6,-
173,Charles,Eibar,40, FW,17(17),1736,14,1,4,-,1.9,69.4,3.1,3,6.7,0.2,0.1,1.1,0.1,0.4,0.3,-,-,-,0.9,0.4,0.5,0.5,16.0,69.4,-,0.2,-
174,Moi Gómez,SD Huesca,29, M(CLR),35(1),3061,2,7,3,-,0.7,82.8,0.6,1,6.7,1.2,0.8,1.3,-,0.7,1,0.1,-,0.9,0.7,-,1,1,39.4,82.8,0.8,3.5,-
175,Paulo Oliveira,Eibar,32, D(C),24(4),2243,-,-,4,-,0.3,68.7,2.8,-,6.7,1.8,1.3,0.7,1.5,4.1,0.6,0.4,1,-,0.4,-,0.1,0.1,36.1,68.7,-,4.6,-
176,Neto,Valencia,34, GK,34,3060,-,-,2,-,-,48.6,0.1,1,6.7,0.1,-,-,-,0.6,-,-,-,-,-,-,-,-,20.3,48.6,-,5.3,-
177,Juanfran,Atletico,39, D(R),18(4),1609,-,2,7,-,-,82.2,0.6,1,6.69,1.6,0.9,0.8,0.1,1.4,0.6,0.2,-,0.5,0.5,0.1,0.5,0.5,35.0,82.2,0.8,1.1,-
178,Juanfran,Atletico,39, D(R),18(4),1609,-,2,7,-,-,82.2,0.6,1,6.69,1.6,0.9,0.8,0.1,1.4,0.6,0.2,-,0.5,0.5,0.1,0.5,0.5,19.8,72.8,1.3,1.3,-
179,Juanfran,Atletico,39, D(R),18(4),1609,-,2,7,-,-,82.2,0.6,1,6.69,1.6,0.9,0.8,0.1,1.4,0.6,0.2,-,0.6,0.8,-,0.4,0.4,35.0,82.2,0.8,1.1,-
180,Juanfran,Atletico,39, D(R),18(4),1609,-,2,7,-,-,82.2,0.6,1,6.69,1.6,0.9,0.8,0.1,1.4,0.6,0.2,-,0.6,0.8,-,0.4,0.4,19.8,72.8,1.3,1.3,-
181,Juanfran,Atletico,39, D(R),18(4),1609,-,2,7,-,-,82.2,0.6,1,6.69,0.9,0.8,0.3,0.2,1.1,0.3,0.2,-,0.5,0.5,0.1,0.5,0.5,35.0,82.2,0.8,1.1,-
182,Juanfran,Atletico,39, D(R),18(4),1609,-,2,7,-,-,82.2,0.6,1,6.69,0.9,0.8,0.3,0.2,1.1,0.3,0.2,-,0.5,0.5,0.1,0.5,0.5,19.8,72.8,1.3,1.3,-
183,Juanfran,Atletico,39, D(R),18(4),1609,-,2,7,-,-,82.2,0.6,1,6.69,0.9,0.8,0.3,0.2,1.1,0.3,0.2,-,0.6,0.8,-,0.4,0.4,35.0,82.2,0.8,1.1,-
184,Juanfran,Atletico,39, D(R),18(4),1609,-,2,7,-,-,82.2,0.6,1,6.69,0.9,0.8,0.3,0.2,1.1,0.3,0.2,-,0.6,0.8,-,0.4,0.4,19.8,72.8,1.3,1.3,-
185,Juanfran,Leganes,35," D(R),M(R)",17(6),1459,1,1,-,-,0.4,72.8,0.9,-,6.64,1.6,0.9,0.8,0.1,1.4,0.6,0.2,-,0.5,0.5,0.1,0.5,0.5,35.0,82.2,0.8,1.1,-
186,Juanfran,Leganes,35," D(R),M(R)",17(6),1459,1,1,-,-,0.4,72.8,0.9,-,6.64,1.6,0.9,0.8,0.1,1.4,0.6,0.2,-,0.5,0.5,0.1,0.5,0.5,19.8,72.8,1.3,1.3,-
187,Juanfran,Leganes,35," D(R),M(R)",17(6),1459,1,1,-,-,0.4,72.8,0.9,-,6.64,1.6,0.9,0.8,0.1,1.4,0.6,0.2,-,0.6,0.8,-,0.4,0.4,35.0,82.2,0.8,1.1,-
188,Juanfran,Leganes,35," D(R),M(R)",17(6),1459,1,1,-,-,0.4,72.8,0.9,-,6.64,1.6,0.9,0.8,0.1,1.4,0.6,0.2,-,0.6,0.8,-,0.4,0.4,19.8,72.8,1.3,1.3,-
189,Juanfran,Leganes,35," D(R),M(R)",17(6),1459,1,1,-,-,0.4,72.8,0.9,-,6.64,0.9,0.8,0.3,0.2,1.1,0.3,0.2,-,0.5,0.5,0.1,0.5,0.5,35.0,82.2,0.8,1.1,-
190,Juanfran,Leganes,35," D(R),M(R)",17(6),1459,1,1,-,-,0.4,72.8,0.9,-,6.64,0.9,0.8,0.3,0.2,1.1,0.3,0.2,-,0.5,0.5,0.1,0.5,0.5,19.8,72.8,1.3,1.3,-
191,Juanfran,Leganes,35," D(R),M(R)",17(6),1459,1,1,-,-,0.4,72.8,0.9,-,6.64,0.9,0.8,0.3,0.2,1.1,0.3,0.2,-,0.6,0.8,-,0.4,0.4,35.0,82.2,0.8,1.1,-
192,Juanfran,Leganes,35," D(R),M(R)",17(6),1459,1,1,-,-,0.4,72.8,0.9,-,6.64,0.9,0.8,0.3,0.2,1.1,0.3,0.2,-,0.6,0.8,-,0.4,0.4,19.8,72.8,1.3,1.3,-
193,Óscar Plano,Real Valladolid,33," AM(CLR),FW",30(3),2697,3,4,8,-,1.4,76.8,1.1,4,6.69,1.9,0.7,2.1,-,0.6,1,0.1,-,0.8,2,0.2,1,1,23.4,76.8,0.4,0.9,-
194,Xabier Etxeita,SD Huesca,36, D(C),30(1),2678,4,-,11,-,0.8,75.2,2.6,1,6.69,1.5,1.3,1.1,0.9,5.2,0.7,0.8,1,-,0.4,-,-,-,28.5,75.2,0.1,2.8,-
195,Marc-André ter Stegen,Barcelona,32, GK,35,3150,-,-,-,-,-,83.2,0.1,-,6.69,-,0.1,-,-,0.4,0.1,-,-,-,0.1,-,-,-,25.3,83.2,-,5.3,-
196,Manu García,Deportivo Alaves,38, DMC,25(9),2327,1,1,6,-,0.8,74.3,3.1,-,6.68,2.4,0.7,1.8,-,1.8,1.6,0.2,1,0.4,1.6,0.1,0.8,0.8,27.4,74.3,0.1,1.1,-
197,Nélson Semedo,Barcelona,30," D(LR),M(R)",20(6),1602,1,-,4,-,0.2,91.2,0.7,-,6.68,1.5,0.8,0.8,0.1,0.7,0.2,0.3,-,0.7,1,0.2,0.9,0.9,41.4,91.2,-,1.3,-
198,Toño,Levante,34," D(L),M(L)",21,1767,1,2,4,-,0.7,74.8,0.4,-,6.68,0.8,0.7,0.5,0.1,1.3,0.5,0.2,1,1.6,0.9,0.4,0.8,0.8,30.2,74.8,0.3,1.3,-
199,Beñat Etxebarria,Athletic Club,37, M(C),25(2),2045,1,2,8,-,0.6,85.0,0.8,1,6.68,1.7,0.9,1.1,-,0.4,1.5,-,-,0.3,0.6,-,0.9,0.9,43.2,85.0,1.2,3.4,-
200,Chimy Ávila,SD Huesca,30," AM(LR),FW",20(14),1995,10,2,10,1,2.6,54.3,2.1,2,6.68,0.5,0.4,1.1,-,0.6,0.6,0.1,-,0.6,1.4,0.3,0.8,0.8,15.4,54.3,0.2,1.4,-
201,Ángel Correa,Atletico,29," AM(CLR),FW",20(16),1922,3,2,7,1,0.9,75.6,0.3,1,6.68,1.1,0.5,1.1,-,0.5,1.2,0.1,-,1.8,1,0.3,1.7,1.7,19.8,75.6,0.1,0.6,0.2
202,Martin Braithwaite,Leganes,32," AM(CLR),FW",16(3),1407,4,5,5,-,1.5,73.0,1.6,1,6.67,0.3,0.2,1.3,-,0.2,0.2,-,-,0.9,0.8,0.7,1.3,1.3,12.7,73.0,-,0.2,0.1
203,Dani García,Athletic Club,33, DMC,29,2482,-,-,13,-,0.1,82.8,2,-,6.67,1.9,1.7,1.6,0.1,1.6,1.3,0.3,-,0.1,0.9,-,0.4,0.4,48.1,82.8,-,3.8,-
204,Luis Advíncula,Rayo Vallecano,34," D(R),M(R)",27(1),2391,1,3,2,2,0.6,82.2,0.9,1,6.67,1.9,0.7,1.7,0.6,2,0.4,0.1,-,1.4,1.6,-,1.2,1.2,33.5,82.2,0.5,1.8,-
205,Aïssa Mandi,Real Betis,32, D(CLR),34(1),3061,1,1,10,-,0.2,92.6,1.6,2,6.67,1.5,1.2,1.6,0.5,1.9,0.5,0.7,-,0.2,0.6,-,0.1,0.1,73.6,92.6,0.1,4.3,-
206,Giannelli Imbula,Rayo Vallecano,31, M(C),21(1),1739,1,1,7,-,1,91.3,0.4,1,6.67,0.6,0.4,1.2,-,0.2,0.3,0.1,-,2.6,1.8,-,1.8,1.8,32.2,91.3,0.3,1.5,-
207,Víctor Ruiz,Villarreal,35, D(C),22,1976,-,-,10,-,0.4,86.0,2.2,-,6.67,1.3,1.7,1.3,1,2.8,0.2,0.7,-,0.4,0.5,-,-,-,54.4,86.0,0.1,4.1,-
208,Iñigo Córdoba,Athletic Club,27," AM(CLR),FW",15(8),1324,-,5,4,-,1,70.0,1,-,6.67,1.6,0.7,0.8,-,0.3,1.4,-,-,1.4,0.9,0.1,1.3,1.3,17.7,70.0,0.3,0.3,-
209,Cucho Hernández,SD Huesca,25," AM(CLR),FW",25(9),2155,4,3,6,-,2.4,70.0,1.7,-,6.66,0.6,0.3,1,-,0.5,0.4,0.1,-,1.1,1.2,0.4,1.4,1.4,16.0,70.0,0.4,0.8,0.1
210,Jaume Costa,Villarreal,36," D(LR),M(L)",18(3),1498,1,-,6,-,0.6,82.4,1.2,1,6.66,1.6,1,1,0.1,2.1,0.6,0.1,1,0.5,1.1,-,0.2,0.2,37.0,82.4,0.4,1.7,0.1
211,Isco,Real Madrid,32," M(CLR),FW",11(16),1188,3,2,3,-,0.9,88.6,0.3,-,6.66,1.1,0.2,0.7,-,0.1,0.7,-,-,1.3,1.3,0.1,1.1,1.1,34.4,88.6,0.3,1.5,0.1
212,Pere Pons,Girona,31, M(C),32(2),2797,1,2,4,-,0.6,78.5,1.5,1,6.66,2.4,1,2.1,0.1,1,1.5,0.4,-,0.8,1.4,-,1.1,1.1,34.8,78.5,0.1,1.4,-
213,Rubén Pérez,Leganes,35, M(C),27(4),2473,-,-,7,1,0.4,80.2,1.6,-,6.66,2.3,1.3,1.1,-,1,1.5,0.3,-,0.4,1.3,-,0.2,0.2,43.5,80.2,-,4.4,-
214,Álvaro González,Villarreal,34, D(C),34,2967,1,2,13,2,0.4,79.9,2.5,2,6.66,1.4,1.1,0.8,0.5,5.1,0.3,0.7,-,-,0.9,-,0.1,0.1,44.0,79.9,0.1,3.9,-
215,Sergio Escudero,Sevilla,34," D(L),M(L)",18(3),1553,-,1,6,1,1.3,81.0,1,1,6.65,2,1.1,1,0.1,1.8,0.8,0.2,-,0.6,1,-,0.5,0.5,35.4,81.0,0.3,1.3,0.1
216,Bruno González,Getafe,33, D(C),18(5),1697,-,1,5,1,0.3,70.8,2.3,1,6.65,1,1,1,0.5,4.8,0.4,0.3,-,0.1,0.6,-,0.1,0.1,21.7,70.8,0.1,1.7,-
217,Allan Nyom,Leganes,35," D(LR),M(R)",20(3),1712,1,1,8,1,0.2,75.6,1,1,6.65,1.4,0.9,1.5,0.2,1.1,0.2,0.1,-,0.4,0.9,0.2,0.4,0.4,21.3,75.6,1.1,0.5,-
218,Iván Cuéllar,Leganes,39, GK,34,3056,-,-,5,-,-,51.7,0.4,1,6.65,-,0.1,-,-,1,-,-,-,-,0.2,-,-,-,28.9,51.7,-,10.5,-
219,Mouctar Diakhaby,Valencia,27," D(C),DMC",16(6),1574,2,-,9,-,0.5,85.1,1.6,-,6.65,0.6,0.9,1.1,0.7,4.3,0.2,0.7,-,0.2,0.4,-,0.1,0.1,31.6,85.1,-,2.3,-
220,Nacho,Real Madrid,34, D(CLR),19(1),1701,-,1,6,1,0.3,90.1,1.5,-,6.64,1.3,1.6,1.4,0.6,3,0.6,0.4,-,0.5,0.6,-,0.3,0.3,49.4,90.1,0.1,1.9,-
221,Chema Rodríguez,Levante,32, D(CL),13(6),1254,2,-,7,-,0.3,73.9,1.7,-,6.64,1.4,1,1,0.4,4.3,0.3,0.6,-,0.1,0.3,-,0.1,0.1,19.5,73.9,-,1.9,-
222,Óscar Trejo,Rayo Vallecano,36," M(CLR),FW",22(4),1774,1,4,5,1,0.8,78.5,1.1,-,6.64,2.2,0.7,1.8,-,0.5,1,0.1,-,1.3,1.7,0.1,1.8,1.8,32.3,78.5,0.2,0.5,0.1
223,Pau López,Real Betis,29, GK,33,2970,-,-,3,-,-,79.1,0.3,2,6.64,-,0.1,-,-,0.8,0.1,-,-,-,0.2,-,-,-,32.5,79.1,-,4.8,-
224,Rubén Pardo,Real Sociedad,31, M(C),16(8),1374,1,2,3,-,0.9,82.9,0.4,-,6.63,0.5,0.9,0.5,-,0.3,0.5,0.3,-,0.3,0.4,-,0.5,0.5,33.5,82.9,1.3,2.2,0.1
225,Lucas Vázquez,Real Madrid,32," D(R),M(R)",15(16),1502,1,3,4,1,0.8,84.1,0.2,1,6.63,1.4,0.4,1.3,-,0.2,0.8,-,-,1.1,1.2,0.1,1.1,1.1,28.2,84.1,0.5,0.8,0.1
226,Roger Martí,Levante,33, FW,23(8),1895,13,-,4,-,2.3,69.5,0.8,2,6.63,0.3,0.1,1.2,-,0.3,0.6,-,-,0.4,1,0.3,0.6,0.6,11.2,69.5,0.1,0.5,-
227,Francis Guerrero,Real Betis,28," D(R),M(LR)",22,1790,-,1,1,-,0.5,81.5,0.4,-,6.63,2.3,1,0.4,0.2,1.5,0.8,-,-,0.7,1.8,-,0.9,0.9,35.6,81.5,0.4,0.8,-
228,David Zurutuza,Real Sociedad,37, M(CL),13(8),1223,2,-,2,-,0.5,80.8,1.9,1,6.63,1.3,1.1,0.9,-,1,0.7,0.2,-,0.2,1.7,0.1,1.2,1.2,28.7,80.8,-,1.1,0.1
229,Coke,Levante,37," D(CLR),M(R)",19(8),1815,4,-,2,1,0.4,74.8,0.9,1,6.63,1.6,1.5,1,-,1.9,1.1,0.3,-,0.4,1.1,-,0.5,0.5,27.6,74.8,0.3,1.4,-
230,Pedro Porro,Girona,24," D(R),M(R)",25(7),2214,-,4,4,-,0.7,70.5,0.6,-,6.63,1.6,1.2,0.8,0.1,1.2,1.5,0.1,-,0.9,1.1,-,0.6,0.6,27.0,70.5,0.8,1.6,-
231,Léo Baptistão,Espanyol,31," AM(CLR),FW",14(6),1236,2,1,3,-,2.1,73.4,0.7,-,6.61,1.1,0.4,1.3,-,0.7,1,-,-,1.1,1.1,0.2,0.8,0.8,18.5,73.4,-,0.4,0.1
232,Portu,Girona,31," M(CLR),FW",33(1),2833,9,2,3,-,1.1,74.2,0.8,2,6.61,1,0.2,0.8,-,-,0.9,-,-,0.9,1.2,0.3,1.9,1.9,18.3,74.2,0.4,0.3,0.1
233,Ander Capa,Athletic Club,32," D(R),M(R)",17(8),1637,-,-,9,-,0.4,73.7,1.2,-,6.6,1.7,1.2,1.8,0.2,1.5,0.6,0.1,-,0.8,0.6,0.3,0.8,0.8,27.4,73.7,0.3,1.4,-
234,Óscar Melendo,Espanyol,26," AM(CLR),FW",22(10),2006,-,5,3,-,0.3,85.3,0.3,-,6.6,0.5,0.4,0.3,-,0.2,0.5,-,-,1.1,1.8,-,1,1,27.1,85.3,0.2,0.7,0.2
235,Santiago Cáseres,Villarreal,27, DMC,17(6),1590,-,1,10,-,0.2,90.8,1.1,-,6.6,2.9,0.6,1.5,-,1,1.4,0.4,-,0.5,0.6,-,0.2,0.2,37.5,90.8,-,2.9,-
236,Gonzalo Escalante,Eibar,31, DMC,18(14),1784,4,1,6,-,0.7,78.2,1.4,-,6.59,1.5,0.7,1,0.1,0.6,0.8,0.1,-,0.7,0.6,-,0.6,0.6,23.6,78.2,-,1.2,-
237,Dimitri Foulquier,Getafe,31," D(CLR),M(R)",23(2),1809,3,2,7,-,0.5,62.8,1,1,6.59,1.2,0.8,2,0.1,1.2,0.4,0.1,-,1,1,0.1,1.4,1.4,15.9,62.8,0.2,0.9,-
238,Rober Pier,Levante,29," D(C),DMC",32(1),2855,1,-,6,-,0.2,81.6,1.9,-,6.59,1.2,1.5,0.8,0.5,3.7,0.7,1.1,1,0.3,0.4,-,0.2,0.2,33.2,81.6,-,3.0,-
239,Quincy Promes,Sevilla,32," M(CLR),FW",15(18),1571,2,3,2,-,0.9,78.9,0.6,1,6.59,1.1,0.8,0.7,0.1,0.6,0.2,0.1,-,0.8,0.4,0.3,0.5,0.5,22.9,78.9,0.4,0.8,-
240,Enes Ünal,Real Valladolid,26, FW,24(9),2152,6,3,7,-,1.6,69.5,3.1,-,6.59,0.5,0.1,1.3,-,0.5,0.6,0.1,-,0.5,1.2,0.5,1.1,1.1,15.9,69.5,0.1,0.3,-
241,Marc Cucurella,Eibar,25," D(CL),M(L)",26(5),2356,1,2,6,-,0.7,78.8,1.3,-,6.58,1.6,0.6,1.4,0.1,0.5,0.4,0.1,-,0.5,0.5,0.3,0.8,0.8,27.4,78.8,0.5,0.5,-
242,Douglas Luiz,Girona,25, M(C),16(7),1487,-,-,7,-,0.7,84.5,1.1,-,6.58,1.5,0.9,2,-,1,1.3,0.3,-,1,1.3,-,0.7,0.7,31.7,84.5,0.1,2.9,-
243,Gustavo Cabral,Celta Vigo,38, D(C),21(3),1898,-,-,2,2,0.7,87.1,3,-,6.58,1.5,1.4,0.8,0.3,4.3,0.4,0.5,1,-,0.3,0.2,0.3,0.3,37.8,87.1,-,1.9,-
244,Tomás Vaclík,Sevilla,35, GK,33,2970,-,-,1,-,-,52.0,0.4,2,6.58,-,-,-,-,0.5,-,-,-,-,0.1,-,-,-,24.6,52.0,-,5.7,-
245,Óscar De Marcos,Athletic Club,35," D(LR),M(CR)",28(2),2427,1,2,4,2,0.3,77.1,1.3,1,6.57,2,0.9,1.3,0.3,1.6,1.1,0.1,-,0.3,0.4,0.3,0.5,0.5,34.3,77.1,0.7,1.4,-
246,Sergio Álvarez,Eibar,32," D(C),M(C)",12(7),1065,-,-,1,-,0.1,79.3,1.9,-,6.57,1.8,0.9,1,0.6,2.2,0.5,0.2,-,0.1,0.3,0.1,0.3,0.3,26.2,79.3,-,1.8,-
247,Jordi Masip,Real Valladolid,35, GK,35,3150,-,-,1,-,-,44.5,0.1,3,6.57,-,-,-,-,0.4,-,-,-,-,-,-,-,-,28.1,44.5,-,8.2,-
248,Gerónimo Rulli,Real Sociedad,31, GK,27,2430,-,-,3,-,-,68.9,0.4,2,6.57,0.1,-,-,-,0.6,0.1,-,-,-,0.1,-,-,-,36.4,68.9,-,7.3,-
249,Markel Susaeta,Athletic Club,36, M(LR),15(7),1380,1,2,2,1,0.7,82.7,0.2,1,6.57,0.8,0.5,0.5,-,0.2,0.9,-,-,0.7,0.6,0.1,0.9,0.9,23.9,82.7,1.4,0.2,-
250,Aleix García,Girona,26, DMC,20(11),1667,2,1,1,-,0.6,85.0,0.5,1,6.56,1.2,0.7,0.4,0.1,0.4,0.7,0.2,-,0.4,0.6,-,0.6,0.6,34.6,85.0,0.8,2.3,-
251,Martín Aguirregabiria,Deportivo Alaves,27," D(LR),M(R)",23(4),2034,-,-,5,-,-,68.9,0.7,-,6.56,1.7,1,0.9,0.3,2.3,0.7,0.4,-,1,1,-,0.4,0.4,26.7,68.9,0.3,1.3,-
252,Andrés Guardado,Real Betis,37," D(L),M(CL)",27(4),2340,-,4,8,-,0.8,88.9,0.5,-,6.55,0.8,0.9,1.4,-,0.8,1.2,-,-,0.8,1.2,0.1,0.7,0.7,51.4,88.9,0.3,3.4,0.1
253,Héctor Moreno,Real Sociedad,36, D(CL),21(4),1929,1,-,2,-,0.2,85.8,1.5,-,6.55,0.6,1.2,0.7,0.4,2.9,0.3,0.8,-,0.1,0.5,0.1,0.1,0.1,47.7,85.8,-,2.8,-
254,José Pozo,Rayo Vallecano,28, AM(C),16(13),1612,3,-,4,-,0.8,83.3,0.3,-,6.55,0.4,0.1,0.4,-,0.2,0.7,-,-,2.2,0.8,0.1,1.7,1.7,24.4,83.3,0.1,0.3,0.1
255,Vitolo,Atletico,34," M(CLR),FW",5(15),745,-,1,1,-,0.4,77.9,0.3,-,6.55,0.9,0.5,0.3,-,0.2,0.7,0.1,-,1.4,2,0.1,1.1,1.1,15.4,77.9,-,0.6,0.1
256,Rubén Blanco,Celta Vigo,28, GK,25,2250,-,-,2,-,-,60.1,0.1,-,6.53,-,0.1,-,-,0.9,-,-,-,-,-,-,-,-,28.0,60.1,-,7.4,-
257,Álvaro Medrán Just,Rayo Vallecano,30, M(C),12(9),1148,3,-,6,1,1.1,83.1,0.5,1,6.53,0.7,0.8,1.2,-,0.4,0.7,-,-,1,0.9,0.1,0.8,0.8,34.6,83.1,0.7,2.6,-
258,Keko,Real Valladolid,32, M(R),20(6),1545,2,1,3,-,0.8,71.9,0.4,-,6.53,1.6,0.5,1.2,-,0.3,1.2,-,-,1.2,0.8,0.5,0.8,0.8,16.0,71.9,1,0.5,-
259,Javi Moyano,Real Valladolid,38, D(R),25(2),2108,-,-,3,-,0.2,74.1,1,1,6.52,0.9,0.9,0.3,0.3,2.7,0.6,0.3,-,0.3,0.8,-,0.4,0.4,26.4,74.1,0.1,1.9,-
260,Ferran Torres,Valencia,24," AM(LR),FW",8(16),843,2,1,5,-,0.7,77.7,1.3,-,6.51,0.6,0.4,0.8,-,0.3,0.3,-,-,0.6,0.4,-,0.7,0.7,12.2,77.7,0.4,0.5,0.1
261,Hernán Pérez,Espanyol,35, M(LR),10(9),798,1,2,1,-,0.8,72.5,0.7,-,6.51,0.7,0.3,1.1,-,0.6,1.1,0.2,-,1.1,0.8,0.3,0.8,0.8,11.7,72.5,0.3,0.5,0.1
262,Damián Musto,SD Huesca,36, DMC,20(4),1689,-,-,11,-,0.5,80.4,2,-,6.51,2.2,1.4,2,0.2,2.1,0.7,0.5,-,-,0.7,-,0.5,0.5,32.3,80.4,-,2.5,-
263,Stanislav Lobotka,Celta Vigo,29, DMC,27(4),2493,-,1,1,-,0.4,89.2,0.3,-,6.51,1,0.8,0.6,-,0.5,0.7,-,-,1,1.5,-,0.7,0.7,45.3,89.2,0.1,1.8,-
264,Bebé,Rayo Vallecano,33," AM(LR),FW",13(14),1296,1,1,6,-,2.2,68.1,0.9,1,6.51,0.7,0.3,0.8,-,0.5,0.4,-,-,1.3,0.3,0.3,1.1,1.1,14.3,68.1,1,0.7,-
265,Manu Trigueros,Villarreal,32," M(CLR),FW",18(6),1549,-,-,3,-,0.8,86.7,0.8,1,6.51,1.9,0.7,1.5,-,0.7,1.5,0.3,-,0.3,0.9,-,0.7,0.7,41.0,86.7,0.2,2.0,0.1
266,Stole Dimitrievski,Rayo Vallecano,30, GK,21,1890,-,-,3,-,-,58.3,0.3,1,6.5,-,-,-,-,0.8,-,-,-,-,0.2,-,-,-,25.0,58.3,-,7.0,-
267,Borja Mayoral,Levante,27," AM(R),FW",16(13),1614,3,2,1,-,0.8,80.6,0.8,-,6.5,0.3,0.2,0.6,-,0.2,0.4,-,-,0.8,1.1,0.6,1.7,1.7,13.3,80.6,0.1,0.4,0.1
268,David Ferreiro,SD Huesca,36, AM(CLR),23(12),2277,1,3,5,-,1,75.8,0.2,-,6.5,1,0.7,1.2,0.1,0.3,1.5,-,-,0.7,1,0.7,0.8,0.8,21.1,75.8,1.6,1.2,-
269,Jordi Amat,Rayo Vallecano,32," D(CL),DMC",31,2764,-,-,10,-,0.2,82.4,1.6,-,6.5,1.7,1.4,1.5,1.2,3.8,0.6,0.3,-,0.8,0.3,-,0.2,0.2,41.4,82.4,-,3.4,-
270,Arthur,Barcelona,27, DMC,19(8),1441,-,1,2,-,0.2,93.5,0.1,-,6.49,0.6,0.3,0.4,-,0.3,0.3,-,-,0.4,1.5,-,0.4,0.4,47.4,93.5,-,2.1,-
271,Mubarak Wakaso,Deportivo Alaves,33, M(CLR),18(11),1668,1,1,9,-,1.1,77.3,0.6,-,6.49,1.6,0.6,1.1,-,0.6,0.8,0.3,-,0.7,1.1,-,0.6,0.6,21.9,77.3,0.2,2.1,-
272,Roque Mesa,Sevilla,34, DMC,20(11),1747,2,2,9,1,0.9,87.4,0.4,-,6.48,1.5,0.5,1.5,-,0.3,0.7,-,-,0.7,0.8,0.1,1.1,1.1,29.5,87.4,0.5,1.7,-
273,Loren Morón,Real Betis,30, FW,22(11),1960,6,-,3,-,1.8,75.4,0.8,-,6.48,0.5,0.2,0.9,-,0.5,0.6,-,-,0.5,1.4,0.8,1.3,1.3,10.2,75.4,-,0.1,-
274,Juanmi,Real Sociedad,30," AM(CLR),FW",16(14),1522,5,2,3,1,1.4,80.2,0.6,1,6.48,0.7,0.5,0.9,-,0.3,0.5,-,-,0.5,0.9,0.8,1.3,1.3,12.0,80.2,0.1,0.3,0.1
275,Rubén Sobrino,Deportivo Alaves,31," AM(CLR),FW",10(10),964,3,1,2,-,1,68.4,1.3,2,6.48,0.8,0.1,1.4,-,0.5,0.4,0.1,-,0.8,0.7,0.2,0.9,0.9,11.7,68.4,0.1,0.2,-
276,Francisco Portillo,Getafe,33, M(CLR),19(13),1992,1,4,3,1,0.3,76.5,0.2,-,6.47,0.8,0.5,0.9,-,0.1,0.6,-,-,1.2,1.1,0.1,1.5,1.5,23.4,76.5,0.2,0.9,0.2
277,Álex Gallar,SD Huesca,32, AM(R),10(15),1004,4,1,2,-,1.1,74.7,0.2,1,6.47,0.6,0.4,0.2,-,0.2,0.4,-,-,0.8,0.6,0.1,0.9,0.9,16.3,74.7,0.6,1.0,-
278,Iago Herrerín,Athletic Club,36, GK,31,2790,-,1,1,-,-,52.2,0.6,1,6.46,-,-,-,-,0.9,0.1,-,-,-,0.1,-,-,-,28.6,52.2,-,10.8,-
279,Víctor Sánchez,Espanyol,36," D(LR),M(CL)",13(11),1258,-,2,9,-,0.5,81.4,1,-,6.46,1.9,1,2,-,1,2.2,0.1,-,0.3,1.5,0.1,0.5,0.5,22.2,81.4,0.1,0.9,-
280,Ángel Rodríguez,Getafe,37, FW,20(17),1821,8,3,4,-,1.8,66.6,0.8,2,6.46,0.4,0.2,1.1,0.1,0.2,0.5,-,-,0.3,0.9,0.9,0.8,0.8,8.6,66.6,0.2,0.5,-
281,Gonzalo Melero,SD Huesca,30," M(C),FW",14(8),1347,2,1,3,-,1,86.2,1.2,-,6.45,1.2,0.1,1.5,-,1,1.7,0.2,-,0.6,0.8,-,0.5,0.5,32.5,86.2,-,1.4,-
282,Pablo De Blasis,Eibar,36," D(R),M(CLR)",16(8),1517,2,-,3,1,0.5,70.4,1.1,1,6.45,1.3,0.5,0.8,0.2,0.8,0.8,-,-,0.3,0.5,-,0.7,0.7,26.7,70.4,0.7,1.3,-
283,Sergio Postigo,Levante,35, D(C),17(4),1451,1,1,4,1,0.3,77.7,1,-,6.44,1.2,1,0.6,0.7,3.7,0.2,0.6,-,-,0.2,-,0.1,0.1,23.5,77.7,-,2.1,-
284,Pione Sisto,Celta Vigo,29," AM(CLR),FW",8(17),835,2,1,-,-,0.7,85.7,-,1,6.44,0.2,0.1,0.3,-,-,0.4,-,-,1,0.8,0.1,0.7,0.7,17.1,85.7,0.4,0.9,-
285,Marko Dmitrovic,Eibar,32, GK,24,2160,-,-,3,-,-,43.5,0.3,1,6.44,-,0.1,0.1,-,0.9,-,-,-,-,-,-,-,-,28.8,43.5,-,8.8,-
286,Darko Brasanac,Deportivo Alaves,32, M(CR),17(7),1582,-,1,5,-,0.4,79.8,1.3,-,6.44,1.3,0.5,1.4,-,0.8,0.7,0.2,-,0.5,0.6,-,0.6,0.6,25.8,79.8,0.2,0.9,-
287,Mikel San José,Athletic Club,34," D(C),DMC",16(17),1717,-,-,7,-,0.4,75.5,2,-,6.44,1.3,0.6,1,0.1,1,1,0.2,-,0.2,0.2,0.1,0.5,0.5,21.4,75.5,0.2,1.2,0.1
288,Sergio García,Espanyol,40," M(CLR),FW",17(12),1487,2,1,3,-,1.2,68.6,0.7,-,6.43,0.6,0.3,0.6,-,0.1,0.4,-,-,0.6,1.3,0.1,1.3,1.3,15.1,68.6,0.3,0.7,-
289,Kevin Gameiro,Valencia,36," AM(C),FW",16(17),1606,6,1,1,-,1.1,77.0,0.3,-,6.43,0.4,0.2,0.3,-,0.1,0.2,0.1,-,0.4,0.4,0.5,0.8,0.8,12.8,77.0,-,0.1,0.1
290,Moses Simon,Levante,28," M(CLR),FW",8(11),781,1,1,1,-,0.8,69.5,0.2,-,6.43,0.7,0.6,0.4,-,0.4,0.2,0.1,-,1.1,0.3,-,1,1,11.2,69.5,0.2,0.4,0.1
291,Anuar Tuhami,Real Valladolid,29, AM(C),12(7),1082,1,-,6,-,0.5,74.9,1.4,-,6.41,1.7,0.6,1.5,-,1.2,0.4,0.1,-,0.2,0.8,0.2,0.6,0.6,20.8,74.9,-,0.7,-
292,Antoñito,Real Valladolid,36," D(R),M(R)",18(12),1855,2,1,5,-,0.3,76.9,0.5,-,6.41,1.2,0.6,1,0.1,0.7,0.8,0.3,-,0.7,0.4,0.2,0.6,0.6,21.7,76.9,0.5,0.9,-
293,Nabil El Zhar,Leganes,37, M(CLR),9(18),956,4,-,-,-,1,75.2,0.3,2,6.4,0.3,0.1,0.6,-,-,0.2,-,-,1,0.4,0.1,0.9,0.9,9.6,75.2,0.6,0.4,-
294,Pablo Piatti,Espanyol,35, M(CLR),6(14),735,1,-,-,-,0.8,75.1,0.5,-,6.39,1.1,0.1,0.9,-,0.3,0.4,-,-,0.6,1.3,0.1,1,1,11.7,75.1,0.4,0.2,0.1
295,Jonás Ramalho,Girona,30, D(CR),18(4),1620,1,-,4,-,0.3,84.1,1.2,-,6.38,0.6,0.7,0.7,0.1,3.3,0.3,0.5,1,0.2,0.5,-,0.4,0.4,32.5,84.1,0.1,1.7,-
296,Carlos Bacca,Villarreal,37, FW,12(21),1263,6,1,3,-,0.9,68.1,0.7,-,6.38,0.1,0.2,0.6,0.1,0.2,0.2,-,-,0.4,0.3,0.5,0.8,0.8,8.2,68.1,-,0.3,-
297,Kike García,Eibar,34, FW,15(15),1296,3,-,-,-,1.4,70.3,2.7,-,6.37,0.2,0.1,1,-,0.2,0.1,-,-,0.2,0.8,0.3,0.9,0.9,13.1,70.3,-,0.2,-
298,Erick Cabaco,Levante,29, D(C),20(1),1639,2,-,9,2,0.5,72.9,1.9,-,6.34,1,1.4,1.6,0.5,3.1,0.8,0.7,-,-,0.6,-,0.1,0.1,33.1,72.9,-,3.0,-
299,Álvaro García,Rayo Vallecano,31, AM(CL),17(18),1759,4,2,3,-,0.8,69.2,0.1,-,6.34,0.6,0.5,0.4,-,0.7,0.6,-,-,0.3,0.5,0.1,0.7,0.7,12.0,69.2,0.4,0.3,-
300,Sandro Ramírez,Real Sociedad,28," AM(LR),FW",10(14),1051,-,-,4,-,1.8,78.1,0.4,-,6.33,0.8,0.4,0.8,-,0.1,0.3,-,-,0.5,1,0.4,0.5,0.5,14.3,78.1,0.5,0.3,-
301,Borja Bastón,Deportivo Alaves,31, FW,18(9),1449,5,1,4,-,1.2,61.8,1.8,-,6.31,0.6,0.1,1.5,-,0.4,0.9,0.2,-,0.2,0.5,0.4,0.7,0.7,11.6,61.8,0.1,0.1,-
302,Fran Beltrán,Celta Vigo,25, DMC,16(14),1513,1,-,3,-,0.6,91.2,0.2,-,6.3,0.8,0.6,0.4,-,0.5,0.6,0.1,-,0.4,0.5,-,0.7,0.7,28.6,91.2,-,1.4,-
303,Patrick Roberts,Girona,27," M(CR),FW",6(13),596,-,-,-,-,0.4,82.2,0.1,-,6.28,0.4,0.2,-,-,0.1,0.6,-,-,1.4,0.5,0.1,0.9,0.9,9.2,82.2,0.1,0.3,0.1
304,Borja Fernández,Real Valladolid,43, M(C),11(9),842,-,-,4,-,0.3,78.9,1.9,-,6.27,0.9,0.7,0.9,0.1,1.3,0.5,0.1,-,0.1,0.3,0.1,0.2,0.2,19.0,78.9,0.1,1.9,-
305,Jozabed,Celta Vigo,33, M(C),14(6),1159,-,-,1,-,0.6,84.9,0.3,-,6.27,1,0.5,0.5,-,0.6,0.8,0.1,-,0.3,0.6,0.1,0.3,0.3,35.2,84.9,-,3.5,-
306,Daniele Verde,Real Valladolid,27," AM(CLR),FW",4(18),643,2,-,1,-,1.1,79.3,-,-,6.27,0.3,0.3,0.1,-,0.1,0.2,-,-,0.4,0.5,0.4,0.7,0.7,10.5,79.3,0.5,0.4,-
307,Aritz Aduriz,Athletic Club,43, FW,10(10),941,2,-,4,-,1,62.3,2.7,-,6.25,0.2,-,1.4,0.1,0.2,0.3,0.1,-,0.1,0.4,0.6,0.4,0.4,11.6,62.3,0.1,0.1,-
308,John Guidetti,Deportivo Alaves,32, FW,6(16),625,2,1,2,-,0.5,69.2,0.7,-,6.23,0.2,-,0.6,-,0.3,0.2,-,-,-,0.2,-,0.3,0.3,6.5,69.2,0.1,0.1,-
309,Anthony Lozano,Girona,31," AM(L),FW",7(13),725,-,-,4,1,1.2,67.8,1.2,-,6.15,0.3,-,2.1,-,0.2,0.3,0.1,-,0.3,0.5,0.3,0.8,0.8,9.0,67.8,-,0.2,-
